Date,Count,Tickers
2026-12-31,503,"A,AAPL,ABBV,ABNB,ABT,ACGL,ACN,ADBE,ADI,ADM,ADP,ADSK,AEE,AEP,AES,AFL,AIG,AIZ,AJG,AKAM,ALB,ALGN,ALL,ALLE,AMAT,AMCR,AMD,AME,AMGN,AMP,AMT,AMZN,ANET,AON,AOS,APA,APD,APH,APO,APP,APTV,ARE,ARES,ATO,AVB,AVGO,AVY,AWK,AXON,AXP,AZO,BA,BAC,BALL,BAX,BBY,BDX,BEN,BF-B,BG,BIIB,BK,BKNG,BKR,BLDR,BLK,BMY,BR,BRK-B,BRO,BSX,BX,BXP,C,CAG,CAH,CARR,CAT,CB,CBOE,CBRE,CCI,CCL,CDNS,CDW,CEG,CF,CFG,CHD,CHRW,CHTR,CI,CIEN,CINF,CL,CLX,CMCSA,CME,CMG,CMI,CMS,CNC,CNP,COF,COIN,COO,COP,COR,COST,CPAY,CPB,CPRT,CPT,CRH,CRL,CRM,CRWD,CSCO,CSGP,CSX,CTAS,CTRA,CTSH,CTVA,CVNA,CVS,CVX,D,DAL,DASH,DD,DDOG,DE,DECK,DELL,DG,DGX,DHI,DHR,DIS,DLR,DLTR,DOC,DOV,DOW,DPZ,DRI,DTE,DUK,DVA,DVN,DXCM,EA,EBAY,ECL,ED,EFX,EG,EIX,EL,ELV,EME,EMR,EOG,EPAM,EQIX,EQR,EQT,ERIE,ES,ESS,ETN,ETR,EVRG,EW,EXC,EXE,EXPD,EXPE,EXR,F,FANG,FAST,FCX,FDS,FDX,FE,FFIV,FICO,FIS,FISV,FITB,FIX,FOX,FOXA,FRT,FSLR,FTNT,FTV,GD,GDDY,GE,GEHC,GEN,GEV,GILD,GIS,GL,GLW,GM,GNRC,GOOG,GOOGL,GPC,GPN,GRMN,GS,GWW,HAL,HAS,HBAN,HCA,HD,HIG,HII,HLT,HOLX,HON,HOOD,HPE,HPQ,HRL,HSIC,HST,HSY,HUBB,HUM,HWM,IBKR,IBM,ICE,IDXX,IEX,IFF,INCY,INTC,INTU,INVH,IP,IQV,IR,IRM,ISRG,IT,ITW,IVZ,J,JBHT,JBL,JCI,JKHY,JNJ,JPM,KDP,KEY,KEYS,KHC,KIM,KKR,KLAC,KMB,KMI,KO,KR,KVUE,L,LDOS,LEN,LH,LHX,LII,LIN,LLY,LMT,LNT,LOW,LRCX,LULU,LUV,LVS,LW,LYB,LYV,MA,MAA,MAR,MAS,MCD,MCHP,MCK,MCO,MDLZ,MDT,MET,META,MGM,MKC,MLM,MMM,MNST,MO,MOH,MOS,MPC,MPWR,MRK,MRNA,MRSH,MS,MSCI,MSFT,MSI,MTB,MTCH,MTD,MU,NCLH,NDAQ,NDSN,NEE,NEM,NFLX,NI,NKE,NOC,NOW,NRG,NSC,NTAP,NTRS,NUE,NVDA,NVR,NWS,NWSA,NXPI,O,ODFL,OKE,OMC,ON,ORCL,ORLY,OTIS,OXY,PANW,PAYC,PAYX,PCAR,PCG,PEG,PEP,PFE,PFG,PG,PGR,PH,PHM,PKG,PLD,PLTR,PM,PNC,PNR,PNW,PODD,POOL,PPG,PPL,PRU,PSA,PSKY,PSX,PTC,PWR,PYPL,Q,QCOM,RCL,REG,REGN,RF,RJF,RL,RMD,ROK,ROL,ROP,ROST,RSG,RTX,RVTY,SBAC,SBUX,SCHW,SHW,SJM,SLB,SMCI,SNA,SNDK,SNPS,SO,SOLV,SPG,SPGI,SRE,STE,STLD,STT,STX,STZ,SW,SWK,SWKS,SYF,SYK,SYY,T,TAP,TDG,TDY,TECH,TEL,TER,TFC,TGT,TJX,TKO,TMO,TMUS,TPL,TPR,TRGP,TRMB,TROW,TRV,TSCO,TSLA,TSN,TT,TTD,TTWO,TXN,TXT,TYL,UAL,UBER,UDR,UHS,ULTA,UNH,UNP,UPS,URI,USB,V,VICI,VLO,VLTO,VMC,VRSK,VRSN,VRTX,VST,VTR,VTRS,VZ,WAB,WAT,WBD,WDAY,WDC,WEC,WELL,WFC,WM,WMB,WMT,WRB,WSM,WST,WTW,WY,WYNN,XEL,XOM,XYL,XYZ,YUM,ZBH,ZBRA,ZTS"
2025-12-31,503,"A,AAPL,ABBV,ABNB,ABT,ACGL,ACN,ADBE,ADI,ADM,ADP,ADSK,AEE,AEP,AES,AFL,AIG,AIZ,AJG,AKAM,ALB,ALGN,ALL,ALLE,AMAT,AMCR,AMD,AME,AMGN,AMP,AMT,AMZN,ANET,AON,AOS,APA,APD,APH,APO,APP,APTV,ARE,ARES,ATO,AVB,AVGO,AVY,AWK,AXON,AXP,AZO,BA,BAC,BALL,BAX,BBY,BDX,BEN,BF-B,BG,BIIB,BK,BKNG,BKR,BLDR,BLK,BMY,BR,BRK-B,BRO,BSX,BX,BXP,C,CAG,CAH,CARR,CAT,CB,CBOE,CBRE,CCI,CCL,CDNS,CDW,CEG,CF,CFG,CHD,CHRW,CHTR,CI,CINF,CL,CLX,CMCSA,CME,CMG,CMI,CMS,CNC,CNP,COF,COIN,COO,COP,COR,COST,CPAY,CPB,CPRT,CPT,CRH,CRL,CRM,CRWD,CSCO,CSGP,CSX,CTAS,CTRA,CTSH,CTVA,CVNA,CVS,CVX,D,DAL,DASH,DAY,DD,DDOG,DE,DECK,DELL,DG,DGX,DHI,DHR,DIS,DLR,DLTR,DOC,DOV,DOW,DPZ,DRI,DTE,DUK,DVA,DVN,DXCM,EA,EBAY,ECL,ED,EFX,EG,EIX,EL,ELV,EME,EMR,EOG,EPAM,EQIX,EQR,EQT,ERIE,ES,ESS,ETN,ETR,EVRG,EW,EXC,EXE,EXPD,EXPE,EXR,F,FANG,FAST,FCX,FDS,FDX,FE,FFIV,FICO,FIS,FISV,FITB,FIX,FOX,FOXA,FRT,FSLR,FTNT,FTV,GD,GDDY,GE,GEHC,GEN,GEV,GILD,GIS,GL,GLW,GM,GNRC,GOOG,GOOGL,GPC,GPN,GRMN,GS,GWW,HAL,HAS,HBAN,HCA,HD,HIG,HII,HLT,HOLX,HON,HOOD,HPE,HPQ,HRL,HSIC,HST,HSY,HUBB,HUM,HWM,IBKR,IBM,ICE,IDXX,IEX,IFF,INCY,INTC,INTU,INVH,IP,IQV,IR,IRM,ISRG,IT,ITW,IVZ,J,JBHT,JBL,JCI,JKHY,JNJ,JPM,KDP,KEY,KEYS,KHC,KIM,KKR,KLAC,KMB,KMI,KO,KR,KVUE,L,LDOS,LEN,LH,LHX,LII,LIN,LLY,LMT,LNT,LOW,LRCX,LULU,LUV,LVS,LW,LYB,LYV,MA,MAA,MAR,MAS,MCD,MCHP,MCK,MCO,MDLZ,MDT,MET,META,MGM,MKC,MLM,MMM,MNST,MO,MOH,MOS,MPC,MPWR,MRK,MRNA,MRSH,MS,MSCI,MSFT,MSI,MTB,MTCH,MTD,MU,NCLH,NDAQ,NDSN,NEE,NEM,NFLX,NI,NKE,NOC,NOW,NRG,NSC,NTAP,NTRS,NUE,NVDA,NVR,NWS,NWSA,NXPI,O,ODFL,OKE,OMC,ON,ORCL,ORLY,OTIS,OXY,PANW,PAYC,PAYX,PCAR,PCG,PEG,PEP,PFE,PFG,PG,PGR,PH,PHM,PKG,PLD,PLTR,PM,PNC,PNR,PNW,PODD,POOL,PPG,PPL,PRU,PSA,PSKY,PSX,PTC,PWR,PYPL,Q,QCOM,RCL,REG,REGN,RF,RJF,RL,RMD,ROK,ROL,ROP,ROST,RSG,RTX,RVTY,SBAC,SBUX,SCHW,SHW,SJM,SLB,SMCI,SNA,SNDK,SNPS,SO,SOLV,SPG,SPGI,SRE,STE,STLD,STT,STX,STZ,SW,SWK,SWKS,SYF,SYK,SYY,T,TAP,TDG,TDY,TECH,TEL,TER,TFC,TGT,TJX,TKO,TMO,TMUS,TPL,TPR,TRGP,TRMB,TROW,TRV,TSCO,TSLA,TSN,TT,TTD,TTWO,TXN,TXT,TYL,UAL,UBER,UDR,UHS,ULTA,UNH,UNP,UPS,URI,USB,V,VICI,VLO,VLTO,VMC,VRSK,VRSN,VRTX,VST,VTR,VTRS,VZ,WAB,WAT,WBD,WDAY,WDC,WEC,WELL,WFC,WM,WMB,WMT,WRB,WSM,WST,WTW,WY,WYNN,XEL,XOM,XYL,XYZ,YUM,ZBH,ZBRA,ZTS"
2024-12-31,503,"A,AAPL,ABBV,ABNB,ABT,ACGL,ACN,ADBE,ADI,ADM,ADP,ADSK,AEE,AEP,AES,AFL,AIG,AIZ,AJG,AKAM,ALB,ALGN,ALL,ALLE,AMAT,AMCR,AMD,AME,AMGN,AMP,AMT,AMZN,ANET,ANSS,AON,AOS,APA,APD,APH,APO,APTV,ARE,ATO,AVB,AVGO,AVY,AWK,AXON,AXP,AZO,BA,BAC,BALL,BAX,BBY,BDX,BEN,BF-B,BG,BIIB,BK,BKNG,BKR,BLDR,BLK,BMY,BR,BRK-B,BRO,BSX,BWA,BX,BXP,C,CAG,CAH,CARR,CAT,CB,CBOE,CBRE,CCI,CCL,CDNS,CDW,CE,CEG,CF,CFG,CHD,CHRW,CHTR,CI,CINF,CL,CLX,CMCSA,CME,CMG,CMI,CMS,CNC,CNP,COF,COO,COP,COR,COST,CPAY,CPB,CPRT,CPT,CRL,CRM,CRWD,CSCO,CSGP,CSX,CTAS,CTRA,CTSH,CTVA,CVS,CVX,CZR,D,DAL,DAY,DD,DE,DECK,DELL,DFS,DG,DGX,DHI,DHR,DIS,DLR,DLTR,DOC,DOV,DOW,DPZ,DRI,DTE,DUK,DVA,DVN,DXCM,EA,EBAY,ECL,ED,EFX,EG,EIX,EL,ELV,EMN,EMR,ENPH,EOG,EPAM,EQIX,EQR,EQT,ERIE,ES,ESS,ETN,ETR,EVRG,EW,EXC,EXPD,EXPE,EXR,F,FANG,FAST,FCX,FDS,FDX,FE,FFIV,FICO,FIS,FISV,FITB,FMC,FOX,FOXA,FRT,FSLR,FTNT,FTV,GD,GDDY,GE,GEHC,GEN,GEV,GILD,GIS,GL,GLW,GM,GNRC,GOOG,GOOGL,GPC,GPN,GRMN,GS,GWW,HAL,HAS,HBAN,HCA,HD,HES,HIG,HII,HLT,HOLX,HON,HPE,HPQ,HRL,HSIC,HST,HSY,HUBB,HUM,HWM,IBM,ICE,IDXX,IEX,IFF,INCY,INTC,INTU,INVH,IP,IPG,IQV,IR,IRM,ISRG,IT,ITW,IVZ,J,JBHT,JBL,JCI,JKHY,JNJ,JNPR,JPM,K,KDP,KEY,KEYS,KHC,KIM,KKR,KLAC,KMB,KMI,KMX,KO,KR,KVUE,L,LDOS,LEN,LH,LHX,LII,LIN,LKQ,LLY,LMT,LNT,LOW,LRCX,LULU,LUV,LVS,LW,LYB,LYV,MA,MAA,MAR,MAS,MCD,MCHP,MCK,MCO,MDLZ,MDT,MET,META,MGM,MHK,MKC,MKTX,MLM,MMM,MNST,MO,MOH,MOS,MPC,MPWR,MRK,MRNA,MRSH,MS,MSCI,MSFT,MSI,MTB,MTCH,MTD,MU,NCLH,NDAQ,NDSN,NEE,NEM,NFLX,NI,NKE,NOC,NOW,NRG,NSC,NTAP,NTRS,NUE,NVDA,NVR,NWS,NWSA,NXPI,O,ODFL,OKE,OMC,ON,ORCL,ORLY,OTIS,OXY,PANW,PAYC,PAYX,PCAR,PCG,PEG,PEP,PFE,PFG,PG,PGR,PH,PHM,PKG,PLD,PLTR,PM,PNC,PNR,PNW,PODD,POOL,PPG,PPL,PRU,PSA,PSKY,PSX,PTC,PWR,PYPL,QCOM,RCL,REG,REGN,RF,RJF,RL,RMD,ROK,ROL,ROP,ROST,RSG,RTX,RVTY,SBAC,SBUX,SCHW,SHW,SJM,SLB,SMCI,SNA,SNPS,SO,SOLV,SPG,SPGI,SRE,STE,STLD,STT,STX,STZ,SW,SWK,SWKS,SYF,SYK,SYY,T,TAP,TDG,TDY,TECH,TEL,TER,TFC,TFX,TGT,TJX,TMO,TMUS,TPL,TPR,TRGP,TRMB,TROW,TRV,TSCO,TSLA,TSN,TT,TTWO,TXN,TXT,TYL,UAL,UBER,UDR,UHS,ULTA,UNH,UNP,UPS,URI,USB,V,VICI,VLO,VLTO,VMC,VRSK,VRSN,VRTX,VST,VTR,VTRS,VZ,WAB,WAT,WBA,WBD,WDAY,WDC,WEC,WELL,WFC,WM,WMB,WMT,WRB,WST,WTW,WY,WYNN,XEL,XOM,XYL,YUM,ZBH,ZBRA,ZTS"
2023-12-31,503,"A,AAL,AAPL,ABBV,ABNB,ABT,ACGL,ACN,ADBE,ADI,ADM,ADP,ADSK,AEE,AEP,AES,AFL,AIG,AIZ,AJG,AKAM,ALB,ALGN,ALL,ALLE,AMAT,AMCR,AMD,AME,AMGN,AMP,AMT,AMZN,ANET,ANSS,AON,AOS,APA,APD,APH,APTV,ARE,ATO,AVB,AVGO,AVY,AWK,AXON,AXP,AZO,BA,BAC,BALL,BAX,BBWI,BBY,BDX,BEN,BF-B,BG,BIIB,BIO,BK,BKNG,BKR,BLDR,BLK,BMY,BR,BRK-B,BRO,BSX,BWA,BX,BXP,C,CAG,CAH,CARR,CAT,CB,CBOE,CBRE,CCI,CCL,CDNS,CDW,CE,CEG,CF,CFG,CHD,CHRW,CHTR,CI,CINF,CL,CLX,CMA,CMCSA,CME,CMG,CMI,CMS,CNC,CNP,COF,COO,COP,COR,COST,CPAY,CPB,CPRT,CPT,CRL,CRM,CSCO,CSGP,CSX,CTAS,CTLT,CTRA,CTSH,CTVA,CVS,CVX,CZR,D,DAL,DAY,DD,DE,DFS,DG,DGX,DHI,DHR,DIS,DLR,DLTR,DOC,DOV,DOW,DPZ,DRI,DTE,DUK,DVA,DVN,DXCM,EA,EBAY,ECL,ED,EFX,EG,EIX,EL,ELV,EMN,EMR,ENPH,EOG,EPAM,EQIX,EQR,EQT,ES,ESS,ETN,ETR,ETSY,EVRG,EW,EXC,EXPD,EXPE,EXR,F,FANG,FAST,FCX,FDS,FDX,FE,FFIV,FICO,FIS,FISV,FITB,FMC,FOX,FOXA,FRT,FSLR,FTNT,FTV,GD,GE,GEHC,GEN,GILD,GIS,GL,GLW,GM,GNRC,GOOG,GOOGL,GPC,GPN,GRMN,GS,GWW,HAL,HAS,HBAN,HCA,HD,HES,HIG,HII,HLT,HOLX,HON,HPE,HPQ,HRL,HSIC,HST,HSY,HUBB,HUM,HWM,IBM,ICE,IDXX,IEX,IFF,ILMN,INCY,INTC,INTU,INVH,IP,IPG,IQV,IR,IRM,ISRG,IT,ITW,IVZ,J,JBHT,JBL,JCI,JKHY,JNJ,JNPR,JPM,K,KDP,KEY,KEYS,KHC,KIM,KLAC,KMB,KMI,KMX,KO,KR,KVUE,L,LDOS,LEN,LH,LHX,LIN,LKQ,LLY,LMT,LNT,LOW,LRCX,LULU,LUV,LVS,LW,LYB,LYV,MA,MAA,MAR,MAS,MCD,MCHP,MCK,MCO,MDLZ,MDT,MET,META,MGM,MHK,MKC,MKTX,MLM,MMM,MNST,MO,MOH,MOS,MPC,MPWR,MRK,MRNA,MRO,MRSH,MS,MSCI,MSFT,MSI,MTB,MTCH,MTD,MU,NCLH,NDAQ,NDSN,NEE,NEM,NFLX,NI,NKE,NOC,NOW,NRG,NSC,NTAP,NTRS,NUE,NVDA,NVR,NWS,NWSA,NXPI,O,ODFL,OKE,OMC,ON,ORCL,ORLY,OTIS,OXY,PANW,PAYC,PAYX,PCAR,PCG,PEG,PEP,PFE,PFG,PG,PGR,PH,PHM,PKG,PLD,PM,PNC,PNR,PNW,PODD,POOL,PPG,PPL,PRU,PSA,PSKY,PSX,PTC,PWR,PXD,PYPL,QCOM,QRVO,RCL,REG,REGN,RF,RHI,RJF,RL,RMD,ROK,ROL,ROP,ROST,RSG,RTX,RVTY,SBAC,SBUX,SCHW,SHW,SJM,SLB,SNA,SNPS,SO,SPG,SPGI,SRE,STE,STLD,STT,STX,STZ,SW,SWK,SWKS,SYF,SYK,SYY,T,TAP,TDG,TDY,TECH,TEL,TER,TFC,TFX,TGT,TJX,TMO,TMUS,TPR,TRGP,TRMB,TROW,TRV,TSCO,TSLA,TSN,TT,TTWO,TXN,TXT,TYL,UAL,UBER,UDR,UHS,ULTA,UNH,UNP,UPS,URI,USB,V,VFC,VICI,VLO,VLTO,VMC,VRSK,VRSN,VRTX,VTR,VTRS,VZ,WAB,WAT,WBA,WBD,WDC,WEC,WELL,WFC,WHR,WM,WMB,WMT,WRB,WST,WTW,WY,WYNN,XEL,XOM,XRAY,XYL,YUM,ZBH,ZBRA,ZION,ZTS"
2022-12-31,503,"A,AAL,AAP,AAPL,ABBV,ABT,ACGL,ACN,ADBE,ADI,ADM,ADP,ADSK,AEE,AEP,AES,AFL,AIG,AIZ,AJG,AKAM,ALB,ALGN,ALK,ALL,ALLE,AMAT,AMCR,AMD,AME,AMGN,AMP,AMT,AMZN,ANET,ANSS,AON,AOS,APA,APD,APH,APTV,ARE,ATO,ATVI,AVB,AVGO,AVY,AWK,AXP,AZO,BA,BAC,BALL,BAX,BBWI,BBY,BDX,BEN,BF-B,BIIB,BIO,BK,BKNG,BKR,BLK,BMY,BR,BRK-B,BRO,BSX,BWA,BXP,C,CAG,CAH,CARR,CAT,CB,CBOE,CBRE,CCI,CCL,CDNS,CDW,CE,CEG,CF,CFG,CHD,CHRW,CHTR,CI,CINF,CL,CLX,CMA,CMCSA,CME,CMG,CMI,CMS,CNC,CNP,COF,COO,COP,COR,COST,CPAY,CPB,CPRT,CPT,CRL,CRM,CSCO,CSGP,CSX,CTAS,CTLT,CTRA,CTSH,CTVA,CVS,CVX,CZR,D,DAL,DAY,DD,DE,DFS,DG,DGX,DHI,DHR,DIS,DISH,DLR,DLTR,DOC,DOV,DOW,DPZ,DRI,DTE,DUK,DVA,DVN,DXC,DXCM,EA,EBAY,ECL,ED,EFX,EG,EIX,EL,ELV,EMN,EMR,ENPH,EOG,EPAM,EQIX,EQR,EQT,ES,ESS,ETN,ETR,ETSY,EVRG,EW,EXC,EXPD,EXPE,EXR,F,FANG,FAST,FCX,FDS,FDX,FE,FFIV,FIS,FISV,FITB,FMC,FOX,FOXA,FRC,FRT,FSLR,FTNT,FTV,GD,GE,GEN,GILD,GIS,GL,GLW,GM,GNRC,GOOG,GOOGL,GPC,GPN,GRMN,GS,GWW,HAL,HAS,HBAN,HCA,HD,HES,HIG,HII,HLT,HOLX,HON,HPE,HPQ,HRL,HSIC,HST,HSY,HUM,HWM,IBM,ICE,IDXX,IEX,IFF,ILMN,INCY,INTC,INTU,INVH,IP,IPG,IQV,IR,IRM,ISRG,IT,ITW,IVZ,J,JBHT,JCI,JKHY,JNJ,JNPR,JPM,K,KDP,KEY,KEYS,KHC,KIM,KLAC,KMB,KMI,KMX,KO,KR,L,LDOS,LEN,LH,LHX,LIN,LKQ,LLY,LMT,LNC,LNT,LOW,LRCX,LUMN,LUV,LVS,LW,LYB,LYV,MA,MAA,MAR,MAS,MCD,MCHP,MCK,MCO,MDLZ,MDT,MET,META,MGM,MHK,MKC,MKTX,MLM,MMM,MNST,MO,MOH,MOS,MPC,MPWR,MRK,MRNA,MRO,MRSH,MS,MSCI,MSFT,MSI,MTB,MTCH,MTD,MU,NCLH,NDAQ,NDSN,NEE,NEM,NFLX,NI,NKE,NOC,NOW,NRG,NSC,NTAP,NTRS,NUE,NVDA,NVR,NWL,NWS,NWSA,NXPI,O,ODFL,OGN,OKE,OMC,ON,ORCL,ORLY,OTIS,OXY,PAYC,PAYX,PCAR,PCG,PEG,PEP,PFE,PFG,PG,PGR,PH,PHM,PKG,PLD,PM,PNC,PNR,PNW,POOL,PPG,PPL,PRU,PSA,PSKY,PSX,PTC,PWR,PXD,PYPL,QCOM,QRVO,RCL,REG,REGN,RF,RHI,RJF,RL,RMD,ROK,ROL,ROP,ROST,RSG,RTX,RVTY,SBAC,SBNY,SBUX,SCHW,SEDG,SEE,SHW,SIVB,SJM,SLB,SNA,SNPS,SO,SPG,SPGI,SRE,STE,STLD,STT,STX,STZ,SW,SWK,SWKS,SYF,SYK,SYY,T,TAP,TDG,TDY,TECH,TEL,TER,TFC,TFX,TGT,TJX,TMO,TMUS,TPR,TRGP,TRMB,TROW,TRV,TSCO,TSLA,TSN,TT,TTWO,TXN,TXT,TYL,UAL,UDR,UHS,ULTA,UNH,UNP,UPS,URI,USB,V,VFC,VICI,VLO,VMC,VNO,VRSK,VRSN,VRTX,VTR,VTRS,VZ,WAB,WAT,WBA,WBD,WDC,WEC,WELL,WFC,WHR,WM,WMB,WMT,WRB,WST,WTW,WY,WYNN,XEL,XOM,XRAY,XYL,YUM,ZBH,ZBRA,ZION,ZTS"
2021-12-31,505,"A,AAL,AAP,AAPL,ABBV,ABMD,ABT,ACN,ADBE,ADI,ADM,ADP,ADSK,AEE,AEP,AES,AFL,AIG,AIZ,AJG,AKAM,ALB,ALGN,ALK,ALL,ALLE,AMAT,AMCR,AMD,AME,AMGN,AMP,AMT,AMZN,ANET,ANSS,AON,AOS,APA,APD,APH,APTV,ARE,ATO,ATVI,AVB,AVGO,AVY,AWK,AXP,AZO,BA,BAC,BALL,BAX,BBWI,BBY,BDX,BEN,BF-B,BIIB,BIO,BK,BKNG,BKR,BLK,BMY,BR,BRK-B,BRO,BSX,BWA,BXP,C,CAG,CAH,CARR,CAT,CB,CBOE,CBRE,CCI,CCL,CDNS,CDW,CE,CERN,CF,CFG,CHD,CHRW,CHTR,CI,CINF,CL,CLX,CMA,CMCSA,CME,CMG,CMI,CMS,CNC,CNP,COF,COO,COP,COR,COST,CPAY,CPB,CPRT,CRL,CRM,CSCO,CSX,CTAS,CTLT,CTRA,CTSH,CTVA,CTXS,CVS,CVX,CZR,D,DAL,DAY,DD,DE,DFS,DG,DGX,DHI,DHR,DIS,DISCA,DISCK,DISH,DLR,DLTR,DOC,DOV,DOW,DPZ,DRE,DRI,DTE,DUK,DVA,DVN,DXC,DXCM,EA,EBAY,ECL,ED,EFX,EG,EIX,EL,ELV,EMN,EMR,ENPH,EOG,EPAM,EQIX,EQR,ES,ESS,ETN,ETR,ETSY,EVRG,EW,EXC,EXPD,EXPE,EXR,F,FANG,FAST,FBHS,FCX,FDS,FDX,FE,FFIV,FIS,FISV,FITB,FMC,FOX,FOXA,FRC,FRT,FTNT,FTV,GD,GE,GEN,GILD,GIS,GL,GLW,GM,GNRC,GOOG,GOOGL,GPC,GPN,GPS,GRMN,GS,GWW,HAL,HAS,HBAN,HCA,HD,HES,HIG,HII,HLT,HOLX,HON,HPE,HPQ,HRL,HSIC,HST,HSY,HUM,HWM,IBM,ICE,IDXX,IEX,IFF,ILMN,INCY,INFO,INTC,INTU,IP,IPG,IPGP,IQV,IR,IRM,ISRG,IT,ITW,IVZ,J,JBHT,JCI,JKHY,JNJ,JNPR,JPM,K,KEY,KEYS,KHC,KIM,KLAC,KMB,KMI,KMX,KO,KR,L,LDOS,LEN,LH,LHX,LIN,LKQ,LLY,LMT,LNC,LNT,LOW,LRCX,LUMN,LUV,LVS,LW,LYB,LYV,MA,MAA,MAR,MAS,MCD,MCHP,MCK,MCO,MDLZ,MDT,MET,META,MGM,MHK,MKC,MKTX,MLM,MMM,MNST,MO,MOS,MPC,MPWR,MRK,MRNA,MRO,MRSH,MS,MSCI,MSFT,MSI,MTB,MTCH,MTD,MU,NCLH,NDAQ,NEE,NEM,NFLX,NI,NKE,NLSN,NOC,NOW,NRG,NSC,NTAP,NTRS,NUE,NVDA,NVR,NWL,NWS,NWSA,NXPI,O,ODFL,OGN,OKE,OMC,ORCL,ORLY,OTIS,OXY,PAYC,PAYX,PBCT,PCAR,PEG,PENN,PEP,PFE,PFG,PG,PGR,PH,PHM,PKG,PLD,PM,PNC,PNR,PNW,POOL,PPG,PPL,PRU,PSA,PSKY,PSX,PTC,PVH,PWR,PXD,PYPL,QCOM,QRVO,RCL,REG,REGN,RF,RHI,RJF,RL,RMD,ROK,ROL,ROP,ROST,RSG,RTX,RVTY,SBAC,SBNY,SBUX,SCHW,SEDG,SEE,SHW,SIVB,SJM,SLB,SNA,SNPS,SO,SPG,SPGI,SRE,STE,STT,STX,STZ,SW,SWK,SWKS,SYF,SYK,SYY,T,TAP,TDG,TDY,TECH,TEL,TER,TFC,TFX,TGT,TJX,TMO,TMUS,TPR,TRMB,TROW,TRV,TSCO,TSLA,TSN,TT,TTWO,TWTR,TXN,TXT,TYL,UA,UAA,UAL,UDR,UHS,ULTA,UNH,UNP,UPS,URI,USB,V,VFC,VLO,VMC,VNO,VRSK,VRSN,VRTX,VTR,VTRS,VZ,WAB,WAT,WBA,WDC,WEC,WELL,WFC,WHR,WM,WMB,WMT,WRB,WST,WTW,WY,WYNN,XEL,XLNX,XOM,XRAY,XYL,YUM,ZBH,ZBRA,ZION,ZTS"
2020-12-31,506,"A,AAL,AAP,AAPL,ABBV,ABMD,ABT,ACN,ADBE,ADI,ADM,ADP,ADSK,AEE,AEP,AES,AFL,AIG,AIZ,AJG,AKAM,ALB,ALGN,ALK,ALL,ALLE,ALXN,AMAT,AMCR,AMD,AME,AMGN,AMP,AMT,AMZN,ANET,ANSS,AON,AOS,APA,APD,APH,APTV,ARE,ATO,ATVI,AVB,AVGO,AVY,AWK,AXP,AZO,BA,BAC,BALL,BAX,BBWI,BBY,BDX,BEN,BF-B,BIIB,BIO,BK,BKNG,BKR,BLK,BMY,BR,BRK-B,BSX,BWA,BXP,C,CAG,CAH,CARR,CAT,CB,CBOE,CBRE,CCI,CCL,CDNS,CDW,CE,CERN,CF,CFG,CHD,CHRW,CHTR,CI,CINF,CL,CLX,CMA,CMCSA,CME,CMG,CMI,CMS,CNC,CNP,COF,COO,COP,COR,COST,CPAY,CPB,CPRT,CRM,CSCO,CSX,CTAS,CTLT,CTRA,CTSH,CTVA,CTXS,CVS,CVX,CXO,D,DAL,DAY,DD,DE,DFS,DG,DGX,DHI,DHR,DIS,DISCA,DISCK,DISH,DLR,DLTR,DOC,DOV,DOW,DPZ,DRE,DRI,DTE,DUK,DVA,DVN,DXC,DXCM,EA,EBAY,ECL,ED,EFX,EG,EIX,EL,ELV,EMN,EMR,EOG,EQIX,EQR,ES,ESS,ETN,ETR,ETSY,EVRG,EW,EXC,EXPD,EXPE,EXR,F,FANG,FAST,FBHS,FCX,FDX,FE,FFIV,FIS,FISV,FITB,FLIR,FLS,FMC,FOX,FOXA,FRC,FRT,FTI,FTNT,FTV,GD,GE,GEN,GILD,GIS,GL,GLW,GM,GOOG,GOOGL,GPC,GPN,GPS,GRMN,GS,GWW,HAL,HAS,HBAN,HBI,HCA,HD,HES,HFC,HIG,HII,HLT,HOLX,HON,HPE,HPQ,HRL,HSIC,HST,HSY,HUM,HWM,IBM,ICE,IDXX,IEX,IFF,ILMN,INCY,INFO,INTC,INTU,IP,IPG,IPGP,IQV,IR,IRM,ISRG,IT,ITW,IVZ,J,JBHT,JCI,JKHY,JNJ,JNPR,JPM,K,KEY,KEYS,KHC,KIM,KLAC,KMB,KMI,KMX,KO,KR,KSU,L,LDOS,LEG,LEN,LH,LHX,LIN,LKQ,LLY,LMT,LNC,LNT,LOW,LRCX,LUMN,LUV,LVS,LW,LYB,LYV,MA,MAA,MAR,MAS,MCD,MCHP,MCK,MCO,MDLZ,MDT,MET,META,MGM,MHK,MKC,MKTX,MLM,MMM,MNST,MO,MOS,MPC,MRK,MRO,MRSH,MS,MSCI,MSFT,MSI,MTB,MTD,MU,MXIM,NCLH,NDAQ,NEE,NEM,NFLX,NI,NKE,NLSN,NOC,NOV,NOW,NRG,NSC,NTAP,NTRS,NUE,NVDA,NVR,NWL,NWS,NWSA,O,ODFL,OKE,OMC,ORCL,ORLY,OTIS,OXY,PAYC,PAYX,PBCT,PCAR,PEG,PEP,PFE,PFG,PG,PGR,PH,PHM,PKG,PLD,PM,PNC,PNR,PNW,POOL,PPG,PPL,PRGO,PRU,PSA,PSKY,PSX,PVH,PWR,PXD,PYPL,QCOM,QRVO,RCL,REG,REGN,RF,RHI,RJF,RL,RMD,ROK,ROL,ROP,ROST,RSG,RTX,RVTY,SBAC,SBUX,SCHW,SEE,SHW,SIVB,SJM,SLB,SLG,SNA,SNPS,SO,SPG,SPGI,SRE,STE,STT,STX,STZ,SW,SWK,SWKS,SYF,SYK,SYY,T,TAP,TDG,TDY,TEL,TER,TFC,TFX,TGT,TIF,TJX,TMO,TMUS,TPR,TROW,TRV,TSCO,TSLA,TSN,TT,TTWO,TWTR,TXN,TXT,TYL,UA,UAA,UAL,UDR,UHS,ULTA,UNH,UNM,UNP,UPS,URI,USB,V,VAR,VFC,VLO,VMC,VNO,VNT,VRSK,VRSN,VRTX,VTR,VTRS,VZ,WAB,WAT,WBA,WDC,WEC,WELL,WFC,WHR,WM,WMB,WMT,WRB,WST,WTW,WU,WY,WYNN,XEL,XLNX,XOM,XRAY,XRX,XYL,YUM,ZBH,ZBRA,ZION,ZTS"
2019-12-31,506,"A,AAL,AAP,AAPL,ABBV,ABMD,ABT,ACN,ADBE,ADI,ADM,ADP,ADS,ADSK,AEE,AEP,AES,AFL,AGN,AIG,AIV,AIZ,AJG,AKAM,ALB,ALGN,ALK,ALL,ALLE,ALXN,AMAT,AMCR,AMD,AME,AMGN,AMP,AMT,AMZN,ANET,ANSS,AON,AOS,APA,APD,APH,APTV,ARE,ARNC,ATO,ATVI,AVB,AVGO,AVY,AWK,AXP,AZO,BA,BAC,BALL,BAX,BBWI,BBY,BDX,BEN,BF-B,BIIB,BK,BKNG,BKR,BLK,BMY,BR,BRK-B,BSX,BWA,BXP,C,CAG,CAH,CAT,CB,CBOE,CBRE,CCI,CCL,CDNS,CDW,CE,CERN,CF,CFG,CHD,CHRW,CHTR,CI,CINF,CL,CLX,CMA,CMCSA,CME,CMG,CMI,CMS,CNC,CNP,COF,COO,COP,COR,COST,COTY,CPAY,CPB,CPRI,CPRT,CRM,CSCO,CSX,CTAS,CTRA,CTSH,CTVA,CTXS,CVS,CVX,CXO,D,DAL,DAY,DD,DE,DFS,DG,DGX,DHI,DHR,DIS,DISCA,DISCK,DISH,DLR,DLTR,DOC,DOV,DOW,DRE,DRI,DTE,DUK,DVA,DVN,DXC,EA,EBAY,ECL,ED,EFX,EG,EIX,EL,ELV,EMN,EMR,EOG,EQIX,EQR,ES,ESS,ETFC,ETN,ETR,EVRG,EW,EXC,EXPD,EXPE,EXR,F,FANG,FAST,FBHS,FCX,FDX,FE,FFIV,FIS,FISV,FITB,FLIR,FLS,FMC,FOX,FOXA,FRC,FRT,FTI,FTNT,FTV,GD,GE,GEN,GILD,GIS,GL,GLW,GM,GOOG,GOOGL,GPC,GPN,GPS,GRMN,GS,GWW,HAL,HAS,HBAN,HBI,HCA,HD,HES,HFC,HIG,HII,HLT,HOG,HOLX,HON,HP,HPE,HPQ,HRB,HRL,HSIC,HST,HSY,HUM,IBM,ICE,IDXX,IEX,IFF,ILMN,INCY,INFO,INTC,INTU,IP,IPG,IPGP,IQV,IRM,ISRG,IT,ITW,IVZ,J,JBHT,JCI,JKHY,JNJ,JNPR,JPM,JWN,K,KEY,KEYS,KHC,KIM,KLAC,KMB,KMI,KMX,KO,KR,KSS,KSU,L,LDOS,LEG,LEN,LH,LHX,LIN,LKQ,LLY,LMT,LNC,LNT,LOW,LRCX,LUMN,LUV,LVS,LW,LYB,LYV,M,MA,MAA,MAR,MAS,MCD,MCHP,MCK,MCO,MDLZ,MDT,MET,META,MGM,MHK,MKC,MKTX,MLM,MMM,MNST,MO,MOS,MPC,MRK,MRO,MRSH,MS,MSCI,MSFT,MSI,MTB,MTD,MU,MXIM,NBL,NCLH,NDAQ,NEE,NEM,NFLX,NI,NKE,NLSN,NOC,NOV,NOW,NRG,NSC,NTAP,NTRS,NUE,NVDA,NVR,NWL,NWS,NWSA,O,ODFL,OKE,OMC,ORCL,ORLY,OXY,PAYX,PBCT,PCAR,PEG,PEP,PFE,PFG,PG,PGR,PH,PHM,PKG,PLD,PM,PNC,PNR,PNW,PPG,PPL,PRGO,PRU,PSA,PSKY,PSX,PVH,PWR,PXD,PYPL,QCOM,QRVO,RCL,REG,REGN,RF,RHI,RJF,RL,RMD,ROK,ROL,ROP,ROST,RSG,RTN,RTX,RVTY,SBAC,SBUX,SCHW,SEE,SHW,SIVB,SJM,SLB,SLG,SNA,SNPS,SO,SPG,SPGI,SRE,STE,STT,STX,STZ,SW,SWK,SWKS,SYF,SYK,SYY,T,TAP,TDG,TEL,TFC,TFX,TGT,TIF,TJX,TMO,TMUS,TPR,TROW,TRV,TSCO,TSN,TT,TTWO,TWTR,TXN,TXT,UA,UAA,UAL,UDR,UHS,ULTA,UNH,UNM,UNP,UPS,URI,USB,V,VAR,VFC,VLO,VMC,VNO,VRSK,VRSN,VRTX,VTR,VTRS,VZ,WAB,WAT,WBA,WCG,WDC,WEC,WELL,WFC,WHR,WM,WMB,WMT,WRB,WTW,WU,WY,WYNN,XEC,XEL,XLNX,XOM,XRAY,XRX,XYL,YUM,ZBH,ZBRA,ZION,ZTS"
2018-12-31,506,"A,AAL,AAP,AAPL,ABBV,ABMD,ABT,ACN,ADBE,ADI,ADM,ADP,ADS,ADSK,AEE,AEP,AES,AFL,AGN,AIG,AIV,AIZ,AJG,AKAM,ALB,ALGN,ALK,ALL,ALLE,ALXN,AMAT,AMD,AME,AMG,AMGN,AMP,AMT,AMZN,ANET,ANSS,AON,AOS,APA,APC,APD,APH,APTV,ARE,ARNC,ATVI,AVB,AVGO,AVY,AWK,AXP,AZO,BA,BAC,BALL,BAX,BBWI,BBY,BDX,BEN,BF-B,BHF,BIIB,BK,BKNG,BKR,BLK,BMY,BR,BRK-B,BSX,BWA,BXP,C,CAG,CAH,CAT,CB,CBOE,CBRE,CCI,CCL,CDNS,CE,CELG,CERN,CF,CFG,CHD,CHRW,CHTR,CI,CINF,CL,CLX,CMA,CMCSA,CME,CMG,CMI,CMS,CNC,CNP,COF,COO,COP,COR,COST,COTY,CPAY,CPB,CPRI,CPRT,CRM,CSCO,CSX,CTAS,CTRA,CTSH,CTXS,CVS,CVX,CXO,D,DAL,DAY,DE,DFS,DG,DGX,DHI,DHR,DIS,DISCA,DISCK,DISH,DLR,DLTR,DOC,DOV,DRE,DRI,DTE,DUK,DVA,DVN,DWDP,DXC,EA,EBAY,ECL,ED,EFX,EG,EIX,EL,ELV,EMN,EMR,EOG,EQIX,EQR,ES,ESS,ETFC,ETN,ETR,EVRG,EW,EXC,EXPD,EXPE,EXR,F,FANG,FAST,FBHS,FCX,FDX,FE,FFIV,FIS,FISV,FITB,FL,FLIR,FLR,FLS,FMC,FOX,FOXA,FRT,FTI,FTNT,FTV,GD,GE,GEN,GILD,GIS,GL,GLW,GM,GOOG,GOOGL,GPC,GPN,GPS,GRMN,GS,GT,GWW,HAL,HAS,HBAN,HBI,HCA,HD,HES,HFC,HIG,HII,HLT,HOG,HOLX,HON,HP,HPE,HPQ,HRB,HRL,HSIC,HST,HSY,HUM,IBM,ICE,IDXX,IFF,ILMN,INCY,INFO,INTC,INTU,IP,IPG,IPGP,IQV,IRM,ISRG,IT,ITW,IVZ,J,JBHT,JCI,JEF,JKHY,JNJ,JNPR,JPM,JWN,K,KEY,KEYS,KHC,KIM,KLAC,KMB,KMI,KMX,KO,KR,KSS,KSU,L,LEG,LEN,LH,LHX,LIN,LKQ,LLL,LLY,LMT,LNC,LNT,LOW,LRCX,LUMN,LUV,LW,LYB,M,MA,MAA,MAC,MAR,MAS,MAT,MCD,MCHP,MCK,MCO,MDLZ,MDT,MET,META,MGM,MHK,MKC,MLM,MMM,MNST,MO,MOS,MPC,MRK,MRO,MRSH,MS,MSCI,MSFT,MSI,MTB,MTD,MU,MXIM,NBL,NCLH,NDAQ,NEE,NEM,NFLX,NFX,NI,NKE,NKTR,NLSN,NOC,NOV,NRG,NSC,NTAP,NTRS,NUE,NVDA,NWL,NWS,NWSA,O,OKE,OMC,ORCL,ORLY,OXY,PAYX,PBCT,PCAR,PCG,PEG,PEP,PFE,PFG,PG,PGR,PH,PHM,PKG,PLD,PM,PNC,PNR,PNW,PPG,PPL,PRGO,PRU,PSA,PSKY,PSX,PVH,PWR,PXD,PYPL,QCOM,QRVO,RCL,REG,REGN,RF,RHI,RHT,RJF,RL,RMD,ROK,ROL,ROP,ROST,RSG,RTN,RTX,RVTY,SBAC,SBUX,SCG,SCHW,SEE,SHW,SIVB,SJM,SLB,SLG,SNA,SNPS,SO,SPG,SPGI,SRE,STI,STT,STX,STZ,SW,SWK,SWKS,SYF,SYK,SYY,T,TAP,TDG,TEL,TFC,TGT,TIF,TJX,TMO,TPR,TRIP,TROW,TRV,TSCO,TSN,TSS,TT,TTWO,TWTR,TXN,TXT,UA,UAA,UAL,UDR,UHS,ULTA,UNH,UNM,UNP,UPS,URI,USB,V,VAR,VFC,VIAB,VLO,VMC,VNO,VRSK,VRSN,VRTX,VTR,VTRS,VZ,WAT,WBA,WCG,WDC,WEC,WELL,WFC,WHR,WM,WMB,WMT,WTW,WU,WY,WYNN,XEC,XEL,XLNX,XOM,XRAY,XRX,XYL,YUM,ZBH,ZION,ZTS"
2017-12-31,507,"A,AAL,AAP,AAPL,ABBV,ABT,ACN,ADBE,ADI,ADM,ADP,ADS,ADSK,AEE,AEP,AES,AET,AFL,AGN,AIG,AIV,AIZ,AJG,AKAM,ALB,ALGN,ALK,ALL,ALLE,ALXN,AMAT,AMD,AME,AMG,AMGN,AMP,AMT,AMZN,ANDV,ANSS,AON,AOS,APA,APC,APD,APH,APTV,ARE,ARNC,ATVI,AVB,AVGO,AVY,AWK,AXP,AYI,AZO,BA,BAC,BALL,BAX,BBWI,BBY,BCR,BDX,BEN,BF-B,BHF,BIIB,BK,BKNG,BKR,BLK,BMY,BRK-B,BSX,BWA,BXP,C,CA,CAG,CAH,CAT,CB,CBOE,CBRE,CCI,CCL,CDNS,CELG,CERN,CF,CFG,CHD,CHK,CHRW,CHTR,CI,CINF,CL,CLX,CMA,CMCSA,CME,CMG,CMI,CMS,CNC,CNP,COF,COL,COO,COP,COR,COST,COTY,CPAY,CPB,CPRI,CRM,CSCO,CSRA,CSX,CTAS,CTRA,CTSH,CTXS,CVS,CVX,CXO,D,DAL,DAY,DE,DFS,DG,DGX,DHI,DHR,DIS,DISCA,DISCK,DISH,DLR,DLTR,DOC,DOV,DPS,DRE,DRI,DTE,DUK,DVA,DVN,DWDP,DXC,EA,EBAY,ECL,ED,EFX,EG,EIX,EL,ELV,EMN,EMR,EOG,EQIX,EQR,EQT,ES,ESRX,ESS,ETFC,ETN,ETR,EVHC,EW,EXC,EXPD,EXPE,EXR,F,FAST,FBHS,FCX,FDX,FE,FFIV,FIS,FISV,FITB,FL,FLIR,FLR,FLS,FMC,FOX,FOXA,FRT,FTI,FTV,GD,GE,GEN,GGP,GILD,GIS,GL,GLW,GM,GOOG,GOOGL,GPC,GPN,GPS,GRMN,GS,GT,GWW,HAL,HAS,HBAN,HBI,HCA,HD,HES,HIG,HLT,HOG,HOLX,HON,HP,HPE,HPQ,HRB,HRL,HSIC,HST,HSY,HUM,IBM,ICE,IDXX,IFF,ILMN,INCY,INFO,INTC,INTU,IP,IPG,IQV,IRM,ISRG,IT,ITW,IVZ,J,JBHT,JCI,JEF,JNJ,JNPR,JPM,JWN,K,KEY,KHC,KIM,KLAC,KMB,KMI,KMX,KO,KR,KSS,KSU,L,LEG,LEN,LH,LHX,LIN,LKQ,LLL,LLY,LMT,LNC,LNT,LOW,LRCX,LUMN,LUV,LYB,M,MA,MAA,MAC,MAR,MAS,MAT,MCD,MCHP,MCK,MCO,MDLZ,MDT,MET,META,MGM,MHK,MKC,MLM,MMM,MNST,MO,MON,MOS,MPC,MRK,MRO,MRSH,MS,MSFT,MSI,MTB,MTD,MU,NAVI,NBL,NCLH,NDAQ,NEE,NEM,NFLX,NFX,NI,NKE,NLSN,NOC,NOV,NRG,NSC,NTAP,NTRS,NUE,NVDA,NWL,NWS,NWSA,O,OKE,OMC,ORCL,ORLY,OXY,PAYX,PBCT,PCAR,PCG,PDCO,PEG,PEP,PFE,PFG,PG,PGR,PH,PHM,PKG,PLD,PM,PNC,PNR,PNW,PPG,PPL,PRGO,PRU,PSA,PSKY,PSX,PVH,PWR,PXD,PYPL,QCOM,QRVO,RCL,REG,REGN,RF,RHI,RHT,RJF,RL,RMD,ROK,ROP,ROST,RRC,RSG,RTN,RTX,RVTY,SBAC,SBUX,SCG,SCHW,SEE,SHW,SIG,SJM,SLB,SLG,SNA,SNI,SNPS,SO,SPG,SPGI,SRCL,SRE,STI,STT,STX,STZ,SW,SWK,SWKS,SYF,SYK,SYY,T,TAP,TDG,TEL,TFC,TGT,TIF,TJX,TMO,TPR,TRIP,TROW,TRV,TSCO,TSN,TSS,TT,TWX,TXN,TXT,UA,UAA,UAL,UDR,UHS,ULTA,UNH,UNM,UNP,UPS,URI,USB,V,VAR,VFC,VIAB,VLO,VMC,VNO,VRSK,VRSN,VRTX,VTR,VTRS,VZ,WAT,WBA,WDC,WEC,WELL,WFC,WHR,WM,WMB,WMT,WTW,WU,WY,WYN,WYNN,XEC,XEL,XL,XLNX,XOM,XRAY,XRX,XYL,YUM,ZBH,ZION,ZTS"
2016-12-31,509,"A,AAL,AAP,AAPL,ABBV,ABT,ACN,ADBE,ADI,ADM,ADP,ADS,ADSK,AEE,AEP,AES,AET,AFL,AGN,AIG,AIV,AIZ,AJG,AKAM,ALB,ALK,ALL,ALLE,ALXN,AMAT,AME,AMG,AMGN,AMP,AMT,AMZN,AN,ANDV,AON,APA,APC,APD,APH,APTV,ARNC,ATVI,AVB,AVGO,AVY,AWK,AXP,AYI,AZO,BA,BAC,BALL,BAX,BBBY,BBWI,BBY,BCR,BDX,BEN,BF-B,BHI,BIIB,BK,BKNG,BLK,BMY,BRK-B,BSX,BWA,BXP,C,CA,CAG,CAH,CAT,CB,CBRE,CCI,CCL,CELG,CERN,CF,CFG,CHD,CHK,CHRW,CHTR,CI,CINF,CL,CLX,CMA,CMCSA,CME,CMG,CMI,CMS,CNC,CNP,COF,COL,COO,COP,COR,COST,COTY,CPAY,CPB,CPRI,CRM,CSCO,CSRA,CSX,CTAS,CTRA,CTSH,CTXS,CVS,CVX,CXO,D,DAL,DAY,DD,DE,DFS,DG,DGX,DHI,DHR,DIS,DISCA,DISCK,DLR,DLTR,DNB,DOC,DOV,DOW,DPS,DRI,DTE,DUK,DVA,DVN,EA,EBAY,ECL,ED,EFX,EG,EIX,EL,ELV,EMN,EMR,ENDP,EOG,EQIX,EQR,EQT,ES,ESRX,ESS,ETFC,ETN,ETR,EVHC,EW,EXC,EXPD,EXPE,EXR,F,FAST,FBHS,FCX,FDX,FE,FFIV,FIS,FISV,FITB,FL,FLIR,FLR,FLS,FMC,FOX,FOXA,FRT,FSLR,FTI,FTR,FTV,GD,GE,GEN,GGP,GILD,GIS,GL,GLW,GM,GOOG,GOOGL,GPC,GPN,GPS,GRMN,GS,GT,GWW,HAL,HAR,HAS,HBAN,HBI,HCA,HD,HES,HIG,HOG,HOLX,HON,HP,HPE,HPQ,HRB,HRL,HSIC,HST,HSY,HUM,IBM,ICE,IFF,ILMN,INTC,INTU,IP,IPG,IQV,IRM,ISRG,ITW,IVZ,J,JBHT,JCI,JEF,JNJ,JNPR,JPM,JWN,K,KEY,KHC,KIM,KLAC,KMB,KMI,KMX,KO,KR,KSS,KSU,L,LEG,LEN,LH,LHX,LIN,LKQ,LLL,LLTC,LLY,LMT,LNC,LNT,LOW,LRCX,LUMN,LUV,LVLT,LYB,M,MA,MAA,MAC,MAR,MAS,MAT,MCD,MCHP,MCK,MCO,MDLZ,MDT,MET,META,MHK,MJN,MKC,MLM,MMM,MNK,MNST,MO,MON,MOS,MPC,MRK,MRO,MRSH,MS,MSFT,MSI,MTB,MTD,MU,MUR,NAVI,NBL,NDAQ,NEE,NEM,NFLX,NFX,NI,NKE,NLSN,NOC,NOV,NRG,NSC,NTAP,NTRS,NUE,NVDA,NWL,NWS,NWSA,O,OKE,OMC,ORCL,ORLY,OXY,PAYX,PBCT,PBI,PCAR,PCG,PDCO,PEG,PEP,PFE,PFG,PG,PGR,PH,PHM,PLD,PM,PNC,PNR,PNW,PPG,PPL,PRGO,PRU,PSA,PSKY,PSX,PVH,PWR,PXD,PYPL,QCOM,QRVO,R,RAI,RCL,REGN,RF,RHI,RHT,RIG,RL,ROK,ROP,ROST,RRC,RSG,RTN,RTX,RVTY,SBUX,SCG,SCHW,SE,SEE,SHW,SIG,SJM,SLB,SLG,SNA,SNI,SO,SPG,SPGI,SPLS,SRCL,SRE,STI,STJ,STT,STX,STZ,SW,SWK,SWKS,SWN,SYF,SYK,SYY,T,TAP,TDC,TDG,TEL,TFC,TGNA,TGT,TIF,TJX,TMO,TPR,TRIP,TROW,TRV,TSCO,TSN,TSS,TT,TWX,TXN,TXT,UA,UAA,UAL,UDR,UHS,ULTA,UNH,UNM,UNP,UPS,URBN,URI,USB,V,VAR,VFC,VIAB,VLO,VMC,VNO,VRSK,VRSN,VRTX,VTR,VTRS,VZ,WAT,WBA,WDC,WEC,WELL,WFC,WFM,WHR,WM,WMB,WMT,WTW,WU,WY,WYN,WYNN,XEC,XEL,XL,XLNX,XOM,XRAY,XRX,XYL,YHOO,YUM,ZBH,ZION,ZTS"
2015-12-31,509,"A,AA,AAL,AAP,AAPL,ABBV,ABT,ACE,ACN,ADBE,ADI,ADM,ADP,ADS,ADSK,ADT,AEE,AEP,AES,AET,AFL,AGN,AIG,AIV,AIZ,AKAM,ALL,ALLE,ALXN,AMAT,AME,AMG,AMGN,AMP,AMT,AMZN,AN,ANDV,AON,APA,APC,APD,APH,APTV,ARG,ATVI,AVB,AVGO,AVY,AXP,AZO,BA,BAC,BALL,BAX,BBBY,BBWI,BBY,BCR,BDX,BEN,BF-B,BHI,BIIB,BK,BKNG,BLK,BMY,BRCM,BRK-B,BSX,BWA,BXLT,BXP,C,CA,CAG,CAH,CAM,CAT,CB,CBRE,CCE,CCI,CCL,CELG,CERN,CF,CHD,CHK,CHRW,CI,CINF,CL,CLX,CMA,CMCSA,CME,CMG,CMI,CMS,CNP,CNX,COF,COL,COP,COR,COST,CPAY,CPB,CPGX,CPRI,CRM,CSCO,CSRA,CSX,CTAS,CTRA,CTSH,CTXS,CVC,CVS,CVX,D,DAL,DAY,DD,DE,DFS,DG,DGX,DHI,DHR,DIS,DISCA,DISCK,DLTR,DNB,DO,DOC,DOV,DOW,DPS,DRI,DTE,DUK,DVA,DVN,EA,EBAY,ECL,ED,EFX,EG,EIX,EL,ELV,EMC,EMN,EMR,ENDP,EOG,EQIX,EQR,EQT,ES,ESRX,ESS,ESV,ETFC,ETN,ETR,EW,EXC,EXPD,EXPE,F,FAST,FCX,FDX,FE,FFIV,FIS,FISV,FITB,FLIR,FLR,FLS,FMC,FOSL,FOX,FOXA,FSLR,FTI,FTR,GAS,GD,GE,GEN,GGP,GILD,GIS,GL,GLW,GM,GMCR,GME,GOOG,GOOGL,GPC,GPS,GRMN,GS,GT,GWW,HAL,HAR,HAS,HBAN,HBI,HCA,HD,HES,HIG,HOG,HON,HOT,HP,HPE,HPQ,HRB,HRL,HSIC,HST,HSY,HUM,IBM,ICE,IFF,ILMN,INTC,INTU,IP,IPG,IQV,IRM,ISRG,ITW,IVZ,J,JBHT,JCI,JEF,JNJ,JNPR,JPM,JWN,K,KEY,KHC,KIM,KLAC,KMB,KMI,KMX,KO,KR,KSS,KSU,L,LEG,LEN,LH,LHX,LIN,LLL,LLTC,LLY,LM,LMT,LNC,LOW,LRCX,LUMN,LUV,LVLT,LYB,M,MA,MAC,MAR,MAS,MAT,MCD,MCHP,MCK,MCO,MDLZ,MDT,MET,META,MHK,MJN,MKC,MLM,MMM,MNK,MNST,MO,MON,MOS,MPC,MRK,MRO,MRSH,MS,MSFT,MSI,MTB,MU,MUR,NAVI,NBL,NDAQ,NEE,NEM,NFLX,NFX,NI,NKE,NLSN,NOC,NOV,NRG,NSC,NTAP,NTRS,NUE,NVDA,NWL,NWS,NWSA,O,OI,OKE,OMC,ORCL,ORLY,OXY,PAYX,PBCT,PBI,PCAR,PCG,PCL,PCP,PDCO,PEG,PEP,PFE,PFG,PG,PGR,PH,PHM,PLD,PM,PNC,PNR,PNW,POM,PPG,PPL,PRGO,PRU,PSA,PSKY,PSX,PVH,PWR,PXD,PYPL,QCOM,QRVO,R,RAI,RCL,REGN,RF,RHI,RHT,RIG,RL,ROK,ROP,ROST,RRC,RSG,RTN,RTX,RVTY,SBUX,SCG,SCHW,SE,SEE,SHW,SIG,SJM,SLB,SLG,SNA,SNDK,SNI,SO,SPG,SPGI,SPLS,SRCL,SRE,STI,STJ,STT,STX,STZ,SW,SWK,SWKS,SWN,SYF,SYK,SYY,T,TAP,TDC,TE,TEL,TFC,TGNA,TGT,THC,TIF,TJX,TMO,TPR,TRIP,TROW,TRV,TSCO,TSN,TSS,TT,TWC,TWX,TXN,TXT,TYC,UAA,UAL,UHS,UNH,UNM,UNP,UPS,URBN,URI,USB,V,VAR,VFC,VIAB,VLO,VMC,VNO,VRSK,VRSN,VRTX,VTR,VTRS,VZ,WAT,WBA,WDC,WEC,WELL,WFC,WFM,WHR,WM,WMB,WMT,WTW,WU,WY,WYN,WYNN,XEC,XEL,XL,XLNX,XOM,XRAY,XRX,XYL,YHOO,YUM,ZBH,ZION,ZTS"
2014-12-31,506,"A,AA,AAPL,ABBV,ABT,ACE,ACN,ADBE,ADI,ADM,ADP,ADS,ADSK,ADT,AEE,AEP,AES,AET,AFL,AGN,AIG,AIV,AIZ,AKAM,ALL,ALLE,ALTR,ALXN,AMAT,AME,AMG,AMGN,AMP,AMT,AMZN,AN,ANDV,AON,APA,APC,APD,APH,APTV,ARG,ATI,AVB,AVGO,AVP,AVY,AXP,AZO,BA,BAC,BALL,BAX,BBBY,BBWI,BBY,BCR,BDX,BEN,BF-B,BHI,BIIB,BK,BKNG,BLK,BMY,BRCM,BRK-B,BSX,BWA,BXP,C,CA,CAG,CAH,CAM,CAT,CB,CBRE,CCE,CCI,CCL,CELG,CERN,CF,CFN,CHK,CHRW,CI,CINF,CL,CLX,CMA,CMCSA,CME,CMG,CMI,CMS,CNP,CNX,COF,COL,COP,COR,COST,COV,CPAY,CPB,CPRI,CRM,CSC,CSCO,CSX,CTAS,CTRA,CTSH,CTXS,CVC,CVS,CVX,D,DAL,DAY,DD,DE,DFS,DG,DGX,DHI,DHR,DIS,DISCA,DISCK,DLTR,DNB,DNR,DO,DOC,DOV,DOW,DPS,DRI,DTE,DTV,DUK,DVA,DVN,EA,EBAY,ECL,ED,EFX,EG,EIX,EL,ELV,EMC,EMN,EMR,EOG,EQR,EQT,ES,ESRX,ESS,ESV,ETFC,ETN,ETR,EW,EXC,EXPD,EXPE,F,FAST,FCX,FDO,FDX,FE,FFIV,FIS,FISV,FITB,FLIR,FLR,FLS,FMC,FOSL,FOXA,FSLR,FTI,FTR,GAS,GD,GE,GEN,GGP,GILD,GIS,GL,GLW,GM,GMCR,GME,GNW,GOOG,GOOGL,GPC,GPS,GRMN,GS,GT,GWW,HAL,HAR,HAS,HBAN,HCBK,HD,HES,HIG,HOG,HON,HOT,HP,HPQ,HRB,HRL,HSP,HST,HSY,HUM,IBM,ICE,IFF,INTC,INTU,IP,IPG,IQV,IRM,ISRG,ITW,IVZ,J,JCI,JEF,JNJ,JNPR,JOY,JPM,JWN,K,KEY,KIM,KLAC,KMB,KMI,KMX,KO,KR,KRFT,KSS,KSU,L,LEG,LEN,LH,LHX,LIN,LLL,LLTC,LLY,LM,LMT,LNC,LO,LOW,LRCX,LUMN,LUV,LVLT,LYB,M,MA,MAC,MAR,MAS,MAT,MCD,MCHP,MCK,MCO,MDLZ,MDT,MET,META,MHK,MJN,MKC,MLM,MMM,MNK,MNST,MO,MON,MOS,MPC,MRK,MRO,MRSH,MS,MSFT,MSI,MTB,MU,MUR,NAVI,NBL,NBR,NDAQ,NE,NEE,NEM,NFLX,NFX,NI,NKE,NLSN,NOC,NOV,NRG,NSC,NTAP,NTRS,NUE,NVDA,NWL,NWSA,OI,OKE,OMC,ORCL,ORLY,OXY,PAYX,PBCT,PBI,PCAR,PCG,PCL,PCP,PDCO,PEG,PEP,PETM,PFE,PFG,PG,PGR,PH,PHM,PLD,PLL,PM,PNC,PNR,PNW,POM,PPG,PPL,PRGO,PRU,PSA,PSKY,PSX,PVH,PWR,PXD,QCOM,QEP,R,RAI,RCL,REGN,RF,RHI,RHT,RIG,RL,ROK,ROP,ROST,RRC,RSG,RTN,RTX,RVTY,SBUX,SCG,SCHW,SE,SEE,SHW,SIAL,SJM,SLB,SNA,SNDK,SNI,SO,SPG,SPGI,SPLS,SRCL,SRE,STI,STJ,STT,STX,STZ,SW,SWK,SWN,SWY,SYK,SYY,T,TAP,TDC,TE,TEG,TEL,TFC,TGNA,TGT,THC,TIF,TJX,TMO,TPR,TRIP,TROW,TRV,TSCO,TSN,TSS,TT,TWC,TWX,TXN,TXT,TYC,UAA,UHS,UNH,UNM,UNP,UPS,URBN,URI,USB,V,VAR,VFC,VIAB,VLO,VMC,VNO,VRSN,VRTX,VTR,VTRS,VZ,WAT,WBA,WDC,WEC,WELL,WFC,WFM,WHR,WIN,WM,WMB,WMT,WTW,WU,WY,WYN,WYNN,XEC,XEL,XL,XLNX,XOM,XRAY,XRX,XYL,YHOO,YUM,ZBH,ZION,ZTS"
2013-12-31,505,"A,AA,AAPL,ABBV,ABT,ACE,ACN,ADBE,ADI,ADM,ADP,ADS,ADSK,ADT,AEE,AEP,AES,AET,AFL,AGN,AIG,AIV,AIZ,AKAM,ALL,ALLE,ALTR,ALXN,AMAT,AME,AMGN,AMP,AMT,AMZN,AN,ANDV,AON,APA,APC,APD,APH,APTV,ARG,ATI,AVB,AVP,AVY,AXP,AZO,BA,BAC,BALL,BAX,BBBY,BBWI,BBY,BCR,BDX,BEAM,BEN,BF-B,BHI,BIIB,BK,BKNG,BLK,BMS,BMY,BRCM,BRK-B,BSX,BTU,BWA,BXP,C,CA,CAG,CAH,CAM,CAT,CB,CBRE,CCE,CCI,CCL,CELG,CERN,CF,CFN,CHK,CHRW,CI,CINF,CL,CLF,CLX,CMA,CMCSA,CME,CMG,CMI,CMS,CNP,CNX,COF,COL,COP,COR,COST,COV,CPAY,CPB,CPRI,CRM,CSC,CSCO,CSX,CTAS,CTRA,CTSH,CTXS,CVC,CVS,CVX,D,DAL,DAY,DD,DE,DFS,DG,DGX,DHI,DHR,DIS,DISCA,DLTR,DNB,DNR,DO,DOC,DOV,DOW,DPS,DRI,DTE,DTV,DUK,DVA,DVN,EA,EBAY,ECL,ED,EFX,EG,EIX,EL,ELV,EMC,EMN,EMR,EOG,EQR,EQT,ES,ESRX,ESV,ETFC,ETN,ETR,EW,EXC,EXPD,EXPE,F,FAST,FCX,FDO,FDX,FE,FFIV,FIS,FISV,FITB,FLIR,FLR,FLS,FMC,FOSL,FOXA,FRX,FSLR,FTI,FTR,GAS,GD,GE,GEN,GGP,GHC,GILD,GIS,GL,GLW,GM,GME,GNW,GOOG,GPC,GPS,GRMN,GS,GT,GWW,HAL,HAR,HAS,HBAN,HCBK,HD,HES,HIG,HOG,HON,HOT,HP,HPQ,HRB,HRL,HSP,HST,HSY,HUM,IBM,ICE,IFF,IGT,INTC,INTU,IP,IPG,IQV,IRM,ISRG,ITW,IVZ,J,JBL,JCI,JEF,JNJ,JNPR,JOY,JPM,JWN,K,KEY,KIM,KLAC,KMB,KMI,KMX,KO,KR,KRFT,KSS,KSU,L,LEG,LEN,LH,LHX,LIFE,LIN,LLL,LLTC,LLY,LM,LMT,LNC,LO,LOW,LRCX,LSI,LUMN,LUV,LYB,M,MA,MAC,MAR,MAS,MAT,MCD,MCHP,MCK,MCO,MDLZ,MDT,MET,META,MHK,MJN,MKC,MMM,MNST,MO,MON,MOS,MPC,MRK,MRO,MRSH,MS,MSFT,MSI,MTB,MU,MUR,NBL,NBR,NDAQ,NE,NEE,NEM,NFLX,NFX,NI,NKE,NLSN,NOC,NOV,NRG,NSC,NTAP,NTRS,NUE,NVDA,NWL,NWSA,OI,OKE,OMC,ORCL,ORLY,OXY,PAYX,PBCT,PBI,PCAR,PCG,PCL,PCP,PDCO,PEG,PEP,PETM,PFE,PFG,PG,PGR,PH,PHM,PLD,PLL,PM,PNC,PNR,PNW,POM,PPG,PPL,PRGO,PRU,PSA,PSKY,PSX,PVH,PWR,PXD,QCOM,QEP,R,RAI,RDC,REGN,RF,RHI,RHT,RIG,RL,ROK,ROP,ROST,RRC,RSG,RTN,RTX,RVTY,SBUX,SCG,SCHW,SE,SEE,SHW,SIAL,SJM,SLB,SLM,SNA,SNDK,SNI,SO,SPG,SPGI,SPLS,SRCL,SRE,STI,STJ,STT,STX,STZ,SW,SWK,SWN,SWY,SYK,SYY,T,TAP,TDC,TE,TEG,TEL,TFC,TGNA,TGT,THC,TIF,TJX,TMO,TPR,TRIP,TROW,TRV,TSN,TSS,TT,TWC,TWX,TXN,TXT,TYC,UAA,UNH,UNM,UNP,UPS,URBN,USB,V,VAR,VFC,VIAB,VLO,VMC,VNO,VRSN,VRTX,VTR,VTRS,VZ,WAT,WBA,WDC,WEC,WELL,WFC,WFM,WHR,WIN,WM,WMB,WMT,WPX,WTW,WU,WY,WYN,WYNN,X,XEL,XL,XLNX,XOM,XRAY,XRX,XYL,YHOO,YUM,ZBH,ZION,ZTS"
2012-12-31,507,"A,AA,AAPL,ABT,ACE,ACN,ADBE,ADI,ADM,ADP,ADSK,ADT,AEE,AEP,AES,AET,AFL,AGN,AIG,AIV,AIZ,AKAM,ALL,ALTR,ALXN,AMAT,AMD,AMGN,AMP,AMT,AMZN,AN,ANDV,ANF,AON,APA,APC,APD,APH,APOL,APTV,ARG,ATI,AVB,AVP,AVY,AXP,AZO,BA,BAC,BALL,BAX,BBBY,BBWI,BBY,BCR,BDX,BEAM,BEN,BF-B,BHI,BIG,BIIB,BK,BKNG,BLK,BMC,BMS,BMY,BRCM,BRK-B,BSX,BTU,BWA,BXP,C,CA,CAG,CAH,CAM,CAT,CB,CBRE,CCE,CCI,CCL,CELG,CERN,CF,CFN,CHK,CHRW,CI,CINF,CL,CLF,CLX,CMA,CMCSA,CME,CMG,CMI,CMS,CNP,CNX,COF,COL,COP,COR,COST,COV,CPAY,CPB,CPRI,CRM,CSC,CSCO,CSX,CTAS,CTRA,CTSH,CTXS,CVC,CVH,CVS,CVX,D,DAY,DD,DE,DELL,DF,DFS,DG,DGX,DHI,DHR,DIS,DISCA,DLTR,DNB,DNR,DO,DOC,DOV,DOW,DPS,DRI,DTE,DTV,DUK,DVA,DVN,EA,EBAY,ECL,ED,EFX,EG,EIX,EL,ELV,EMC,EMN,EMR,EOG,EQR,EQT,ES,ESRX,ESV,ETFC,ETN,ETR,EW,EXC,EXPD,EXPE,F,FAST,FCX,FDO,FDX,FE,FFIV,FHN,FII,FIS,FISV,FITB,FLIR,FLR,FLS,FMC,FOSL,FOXA,FRX,FSLR,FTI,FTR,GAS,GD,GE,GEN,GHC,GILD,GIS,GL,GLW,GME,GNW,GOOG,GPC,GPS,GRMN,GS,GT,GWW,HAL,HAR,HAS,HBAN,HCBK,HD,HES,HIG,HNZ,HOG,HON,HOT,HP,HPQ,HRB,HRL,HSP,HST,HSY,HUM,IBM,ICE,IFF,IGT,INTC,INTU,IP,IPG,IQV,IRM,ISRG,ITW,IVZ,J,JBL,JCI,JCP,JDSU,JEF,JNJ,JNPR,JOY,JPM,JWN,K,KEY,KIM,KLAC,KMB,KMI,KMX,KO,KR,KRFT,KSS,L,LEG,LEN,LH,LHX,LIFE,LIN,LLL,LLTC,LLY,LM,LMT,LNC,LO,LOW,LRCX,LSI,LUMN,LUV,LYB,M,MA,MAR,MAS,MAT,MCD,MCHP,MCK,MCO,MDLZ,MDT,MET,META,MJN,MKC,MMM,MNST,MO,MOLX,MON,MOS,MPC,MRK,MRO,MRSH,MS,MSFT,MSI,MTB,MU,MUR,NBL,NBR,NDAQ,NE,NEE,NEM,NFLX,NFX,NI,NKE,NOC,NOV,NRG,NSC,NTAP,NTRS,NUE,NVDA,NWL,NYX,OI,OKE,OMC,ORCL,ORLY,OXY,PAYX,PBCT,PBI,PCAR,PCG,PCL,PCP,PCS,PDCO,PEG,PEP,PETM,PFE,PFG,PG,PGR,PH,PHM,PLD,PLL,PM,PNC,PNR,PNW,POM,PPG,PPL,PRGO,PRU,PSA,PSKY,PSX,PWR,PXD,QCOM,QEP,R,RAI,RDC,RF,RHI,RHT,RL,ROK,ROP,ROST,RRC,RSG,RTN,RTX,RVTY,S,SAI,SBUX,SCG,SCHW,SE,SEE,SHW,SIAL,SJM,SLB,SLM,SNA,SNDK,SNI,SO,SPG,SPGI,SPLS,SRCL,SRE,STI,STJ,STT,STX,STZ,SW,SWK,SWN,SWY,SYK,SYY,T,TAP,TDC,TE,TEG,TEL,TER,TFC,TGNA,TGT,THC,TIF,TJX,TMO,TPR,TRIP,TROW,TRV,TSN,TSS,TT,TWC,TWX,TXN,TXT,TYC,UAA,UNH,UNM,UNP,UPS,URBN,USB,V,VAR,VFC,VIAB,VLO,VMC,VNO,VRSN,VTR,VTRS,VZ,WAT,WBA,WDC,WEC,WELL,WFC,WFM,WHR,WIN,WM,WMB,WMT,WPX,WTW,WU,WY,WYN,WYNN,X,XEL,XL,XLNX,XOM,XRAY,XRX,XYL,YHOO,YUM,ZBH,ZION"
2011-12-31,508,"A,AA,AAPL,ABT,ACE,ACN,ADBE,ADI,ADM,ADP,ADSK,AEE,AEP,AES,AET,AFL,AGN,AIG,AIV,AIZ,AKAM,ALL,ALTR,AMAT,AMD,AMGN,AMP,AMT,AMZN,AN,ANDV,ANF,ANR,AON,APA,APC,APD,APH,APOL,APTV,ARG,ATI,AVB,AVP,AVY,AXP,AZO,BA,BAC,BALL,BAX,BBBY,BBWI,BBY,BCR,BDX,BEAM,BEN,BF-B,BHI,BIG,BIIB,BK,BKNG,BLK,BMC,BMS,BMY,BRCM,BRK-B,BSX,BTU,BWA,BXP,C,CA,CAG,CAH,CAM,CAT,CB,CBE,CBRE,CCE,CCL,CEG,CELG,CERN,CF,CFN,CHK,CHRW,CI,CINF,CL,CLF,CLX,CMA,CMCSA,CME,CMG,CMI,CMS,CNP,CNX,COF,COL,COP,COR,COST,COV,CPAY,CPB,CPRI,CRM,CSC,CSCO,CSX,CTAS,CTRA,CTSH,CTXS,CVC,CVH,CVS,CVX,D,DAY,DD,DE,DELL,DF,DFS,DGX,DHI,DHR,DIS,DISCA,DLTR,DNB,DNR,DO,DOC,DOV,DOW,DPS,DRI,DTE,DTV,DUK,DV,DVA,DVN,EA,EBAY,ECL,ED,EFX,EG,EIX,EL,ELV,EMC,EMN,EMR,EOG,EP,EQR,EQT,ES,ESRX,ETFC,ETN,ETR,EW,EXC,EXPD,EXPE,F,FAST,FCX,FDO,FDX,FE,FFIV,FHN,FII,FIS,FISV,FITB,FLIR,FLR,FLS,FMC,FOXA,FRX,FSLR,FTI,FTR,GAS,GD,GE,GEN,GHC,GILD,GIS,GL,GLW,GME,GNW,GOOG,GPC,GPS,GR,GS,GT,GWW,HAL,HAR,HAS,HBAN,HCBK,HD,HES,HIG,HNZ,HOG,HON,HOT,HP,HPQ,HRB,HRL,HSP,HST,HSY,HUM,IBM,ICE,IFF,IGT,INTC,INTU,IP,IPG,IQV,IRM,ISRG,ITW,IVZ,J,JBL,JCI,JCP,JDSU,JEF,JNJ,JNPR,JOY,JPM,JWN,K,KEY,KFT,KIM,KLAC,KMB,KMX,KO,KR,KSS,L,LEG,LEN,LH,LHX,LIFE,LIN,LLL,LLTC,LLY,LM,LMT,LNC,LO,LOW,LSI,LUMN,LUV,LXK,M,MA,MAR,MAS,MAT,MCD,MCHP,MCK,MCO,MDT,MET,META,MHS,MJN,MKC,MMI,MMM,MO,MOLX,MON,MOS,MPC,MRK,MRO,MRSH,MS,MSFT,MSI,MTB,MU,MUR,NBL,NBR,NDAQ,NE,NEE,NEM,NFLX,NFX,NI,NKE,NOC,NOV,NRG,NSC,NTAP,NTRS,NUE,NVDA,NVLS,NWL,NYX,OI,OKE,OMC,ORCL,ORLY,OXY,PAYX,PBCT,PBI,PCAR,PCG,PCL,PCP,PCS,PDCO,PEG,PEP,PFE,PFG,PG,PGN,PGR,PH,PHM,PLD,PLL,PM,PNC,PNW,POM,PPG,PPL,PRGO,PRU,PSA,PSKY,PWR,PXD,QCOM,QEP,R,RAI,RDC,RF,RHI,RHT,RL,ROK,ROP,ROST,RRC,RRD,RSG,RTN,RTX,RVTY,S,SAI,SBUX,SCG,SCHW,SE,SEE,SHLD,SHW,SIAL,SJM,SLB,SLE,SLM,SNA,SNDK,SNI,SO,SPG,SPGI,SPLS,SRCL,SRE,STI,STJ,STT,STZ,SUN,SVU,SW,SWK,SWN,SWY,SYK,SYY,T,TAP,TDC,TE,TEG,TEL,TER,TFC,TGNA,TGT,THC,TIE,TIF,TJX,TMO,TPR,TRIP,TROW,TRV,TSN,TSS,TT,TWC,TWX,TXN,TXT,TYC,UAA,UNH,UNM,UNP,UPS,URBN,USB,V,VAR,VFC,VIAB,VLO,VMC,VNO,VRSN,VTR,VTRS,VZ,WAT,WBA,WDC,WEC,WELL,WFC,WFM,WHR,WIN,WM,WMB,WMT,WPX,WTW,WU,WY,WYN,WYNN,X,XEL,XL,XLNX,XOM,XRAY,XRX,XYL,YHOO,YUM,ZBH,ZION"
2010-12-31,509,"A,AA,AAPL,ABT,ACE,ADBE,ADI,ADM,ADP,ADSK,AEE,AEP,AES,AET,AFL,AGN,AIG,AIV,AIZ,AKAM,AKS,ALL,ALTR,AMAT,AMD,AMGN,AMP,AMT,AMZN,AN,ANDV,ANF,AON,APA,APC,APD,APH,APOL,APTV,ARG,ATI,AVB,AVP,AVY,AXP,AYE,AZO,BA,BAC,BALL,BAX,BBBY,BBWI,BBY,BCR,BDX,BEAM,BEN,BF-B,BHI,BIG,BIIB,BK,BKNG,BMC,BMS,BMY,BRCM,BRK-B,BSX,BTU,BXP,C,CA,CAG,CAH,CAM,CAT,CB,CBRE,CCE,CCL,CEG,CELG,CEPH,CERN,CF,CFN,CHK,CHRW,CI,CINF,CL,CLF,CLX,CMA,CMCSA,CME,CMI,CMS,CNP,CNX,COF,COL,COP,COR,COST,CPAY,CPB,CPRI,CPWR,CRM,CSC,CSCO,CSX,CTAS,CTRA,CTSH,CTXS,CVC,CVH,CVS,CVX,D,DAY,DD,DE,DELL,DF,DFS,DGX,DHI,DHR,DIS,DISCA,DNB,DNR,DO,DOC,DOV,DOW,DPS,DRI,DTE,DTV,DUK,DV,DVA,DVN,EA,EBAY,ECL,ED,EFX,EG,EIX,EL,ELV,EMC,EMN,EMR,EOG,EP,EQR,EQT,ES,ESRX,ETFC,ETN,ETR,EXC,EXPD,EXPE,F,FAST,FCX,FDO,FDX,FE,FFIV,FHN,FII,FIS,FISV,FITB,FLIR,FLR,FLS,FMC,FOXA,FRX,FSLR,FTI,FTR,GAS,GD,GE,GEN,GENZ,GHC,GILD,GIS,GL,GLW,GME,GNW,GOOG,GPC,GPS,GR,GS,GT,GWW,HAL,HAR,HAS,HBAN,HCBK,HD,HES,HIG,HNZ,HOG,HON,HOT,HP,HPQ,HRB,HRL,HSP,HST,HSY,HUM,IBM,ICE,IFF,IGT,INTC,INTU,IP,IPG,IQV,IRM,ISRG,ITT,ITW,IVZ,J,JBL,JCI,JCP,JDSU,JEF,JNJ,JNPR,JNS,JOY,JPM,JWN,K,KEY,KFT,KIM,KLAC,KMB,KMX,KO,KR,KSS,L,LEG,LEN,LH,LHX,LIFE,LIN,LLL,LLTC,LLY,LM,LMT,LNC,LO,LOW,LSI,LUMN,LUV,LXK,M,MA,MAR,MAS,MAT,MCD,MCHP,MCK,MCO,MDP,MDT,MEE,MET,META,MFE,MHS,MI,MJN,MKC,MMM,MO,MOLX,MON,MRK,MRO,MRSH,MS,MSFT,MSI,MTB,MU,MUR,MWW,NBL,NBR,NDAQ,NE,NEE,NEM,NFLX,NFX,NI,NKE,NOC,NOV,NOVL,NRG,NSC,NSM,NTAP,NTRS,NUE,NVDA,NVLS,NWL,NYX,OI,OKE,OMC,ORCL,ORLY,OXY,PAYX,PBCT,PBI,PCAR,PCG,PCL,PCP,PCS,PDCO,PEG,PEP,PFE,PFG,PG,PGN,PGR,PH,PHM,PLD,PLL,PM,PNC,PNW,POM,PPG,PPL,PRU,PSA,PSKY,PWR,PXD,Q,QCOM,QEP,R,RAI,RDC,RF,RHI,RHT,RL,ROK,ROP,ROST,RRC,RRD,RSG,RSH,RTN,RTX,RVTY,S,SAI,SBUX,SCG,SCHW,SE,SEE,SHLD,SHW,SIAL,SJM,SLB,SLE,SLM,SNA,SNDK,SNI,SO,SPG,SPGI,SPLS,SRCL,SRE,STI,STJ,STT,STZ,SUN,SVU,SW,SWK,SWN,SWY,SYK,SYY,T,TAP,TDC,TE,TEG,TER,TFC,TGNA,TGT,THC,TIE,TIF,TJX,TLAB,TMO,TPR,TROW,TRV,TSN,TSS,TT,TWC,TWX,TXN,TXT,TYC,UAA,UNH,UNM,UNP,UPS,URBN,USB,V,VAR,VFC,VIAB,VLO,VMC,VNO,VRSN,VTR,VTRS,VZ,WAT,WBA,WDC,WEC,WELL,WFC,WFM,WFR,WHR,WIN,WM,WMB,WMT,WTW,WU,WY,WYN,WYNN,X,XEL,XL,XLNX,XOM,XRAY,XRX,YHOO,YUM,ZBH,ZION"
2009-12-31,510,"A,AA,AAPL,ABT,ACE,ADBE,ADI,ADM,ADP,ADSK,AEE,AEP,AES,AET,AFL,AGN,AIG,AIV,AIZ,AKAM,AKS,ALL,ALTR,AMAT,AMD,AMGN,AMP,AMT,AMZN,AN,ANDV,ANF,AON,APA,APC,APD,APH,APOL,APTV,ARG,ATI,AVB,AVP,AVY,AXP,AYE,AZO,BA,BAC,BALL,BAX,BBBY,BBWI,BBY,BCR,BDX,BEAM,BEN,BF-B,BHI,BIG,BIIB,BJS,BK,BKNG,BMC,BMS,BMY,BRCM,BRK-B,BSX,BTU,BXP,C,CA,CAG,CAH,CAM,CAT,CBRE,CCE,CCL,CEG,CELG,CEPH,CF,CFN,CHK,CHRW,CI,CINF,CL,CLF,CLX,CMA,CMCSA,CME,CMI,CMS,CNP,CNX,COF,COL,COP,COR,COST,CPAY,CPB,CPRI,CPWR,CRM,CSC,CSCO,CSX,CTAS,CTRA,CTSH,CTXS,CVH,CVS,CVX,D,DAY,DD,DE,DELL,DF,DFS,DGX,DHI,DHR,DIS,DISCA,DNB,DNR,DO,DOC,DOV,DOW,DPS,DRI,DTE,DTV,DUK,DV,DVA,DVN,EA,EBAY,ECL,ED,EFX,EG,EIX,EK,EL,ELV,EMC,EMN,EMR,EOG,EP,EQR,EQT,ES,ESRX,ETFC,ETN,ETR,EXC,EXPD,EXPE,F,FAST,FCX,FDO,FDX,FE,FHN,FII,FIS,FISV,FITB,FLIR,FLR,FLS,FMC,FOXA,FRX,FSLR,FTI,FTR,GAS,GD,GE,GEN,GENZ,GHC,GILD,GIS,GL,GLW,GME,GNW,GOOG,GPC,GPS,GR,GS,GT,GWW,HAL,HAR,HAS,HBAN,HCBK,HD,HES,HIG,HNZ,HOG,HON,HOT,HPQ,HRB,HRL,HSP,HST,HSY,HUM,IBM,ICE,IFF,IGT,INTC,INTU,IP,IPG,IQV,IRM,ISRG,ITT,ITW,IVZ,J,JBL,JCI,JCP,JDSU,JEF,JNJ,JNPR,JNS,JOY,JPM,JWN,K,KEY,KFT,KG,KIM,KLAC,KMB,KO,KR,KSS,L,LEG,LEN,LH,LHX,LIFE,LIN,LLL,LLTC,LLY,LM,LMT,LNC,LO,LOW,LSI,LUMN,LUV,LXK,M,MA,MAR,MAS,MAT,MCD,MCHP,MCK,MCO,MDP,MDT,MEE,MET,META,MFE,MHS,MI,MIL,MJN,MKC,MMM,MO,MOLX,MON,MRK,MRO,MRSH,MS,MSFT,MSI,MTB,MU,MUR,MWW,NBL,NBR,NDAQ,NE,NEE,NEM,NI,NKE,NOC,NOV,NOVL,NRG,NSC,NSM,NTAP,NTRS,NUE,NVDA,NVLS,NWL,NYT,NYX,ODP,OI,OKE,OMC,ORCL,ORLY,OXY,PAYX,PBCT,PBI,PCAR,PCG,PCL,PCP,PCS,PDCO,PEG,PEP,PFE,PFG,PG,PGN,PGR,PH,PHM,PLD,PLL,PM,PNC,PNW,POM,PPG,PPL,PRU,PSA,PSKY,PTV,PWR,PXD,Q,QCOM,R,RAI,RDC,RF,RHI,RHT,RL,ROK,ROP,ROST,RRC,RRD,RSG,RSH,RTN,RTX,RVTY,RX,S,SAI,SBUX,SCG,SCHW,SE,SEE,SHLD,SHW,SIAL,SII,SJM,SLB,SLE,SLM,SNA,SNDK,SNI,SO,SPG,SPGI,SPLS,SRCL,SRE,STI,STJ,STR,STT,STZ,SUN,SVU,SW,SWK,SWN,SWY,SYK,SYY,T,TAP,TDC,TE,TEG,TER,TFC,TGNA,TGT,THC,TIE,TIF,TJX,TLAB,TMO,TPR,TROW,TRV,TSN,TSS,TT,TWC,TWX,TXN,TXT,UAA,UNH,UNM,UNP,UPS,URBN,USB,V,VAR,VFC,VIAB,VLO,VMC,VNO,VRSN,VTR,VTRS,VZ,WAT,WBA,WDC,WEC,WELL,WFC,WFM,WFR,WHR,WIN,WM,WMB,WMT,WTW,WU,WY,WYN,WYNN,X,XEL,XL,XLNX,XOM,XRAY,XRX,XTO,YHOO,YUM,ZBH,ZION"
2008-12-31,511,"A,AA,AAPL,ABT,ACAS,ACE,ADBE,ADI,ADM,ADP,ADSK,AEE,AEP,AES,AET,AFL,AGN,AIG,AIV,AIZ,AKAM,AKS,ALL,ALTR,AMAT,AMD,AMGN,AMP,AMT,AMZN,AN,ANDV,ANF,AON,APA,APC,APD,APH,APOL,APTV,ATI,AVB,AVP,AVY,AXP,AYE,AZO,BA,BAC,BALL,BAX,BBBY,BBWI,BBY,BCR,BDX,BEAM,BEN,BF-B,BHI,BIG,BIIB,BJS,BK,BKNG,BMC,BMS,BMY,BRCM,BRK-B,BSX,BTU,BXP,C,CA,CAG,CAH,CAM,CAT,CBE,CBRE,CCE,CCL,CEG,CELG,CEPH,CF,CFN,CHK,CHRW,CI,CIEN,CINF,CL,CLX,CMA,CMCSA,CME,CMI,CMS,CNP,CNX,COF,COL,COP,COR,COST,COV,CPAY,CPB,CPRI,CPWR,CRM,CSC,CSCO,CSX,CTAS,CTRA,CTSH,CTX,CTXS,CVG,CVH,CVS,CVX,D,DAY,DD,DE,DELL,DF,DFS,DGX,DHI,DHR,DIS,DISCA,DNB,DNR,DO,DOC,DOV,DOW,DPS,DRI,DTE,DTV,DUK,DV,DVA,DVN,DYN,EA,EBAY,ECL,ED,EFX,EG,EIX,EK,EL,ELV,EMC,EMN,EMR,EOG,EP,EQR,EQT,ES,ESRX,ETFC,ETN,ETR,EXC,EXPD,EXPE,F,FAST,FCX,FDO,FDX,FE,FHN,FII,FIS,FISV,FITB,FLIR,FLR,FLS,FOXA,FRX,FSLR,FTR,GAS,GD,GE,GEN,GENZ,GHC,GILD,GIS,GL,GLW,GME,GNW,GOOG,GPC,GPS,GR,GS,GT,GWW,HAL,HAR,HAS,HBAN,HCBK,HD,HES,HIG,HNZ,HOG,HON,HOT,HPQ,HRB,HSP,HST,HSY,HUM,IBM,ICE,IFF,IGT,INTC,INTU,IP,IPG,IQV,IRM,ISRG,ITT,ITW,IVZ,J,JBL,JCI,JCP,JDSU,JEF,JNJ,JNPR,JNS,JNY,JOY,JPM,JWN,K,KBH,KEY,KFT,KG,KIM,KLAC,KMB,KO,KR,KSS,L,LEG,LEN,LH,LHX,LIFE,LIN,LLL,LLTC,LLY,LM,LMT,LNC,LO,LOW,LSI,LUMN,LUV,LXK,M,MA,MAR,MAS,MAT,MBI,MCD,MCHP,MCK,MCO,MDP,MDT,MEE,MET,META,MFE,MHS,MI,MIL,MKC,MMM,MO,MOLX,MON,MRK,MRO,MRSH,MS,MSFT,MSI,MTB,MU,MUR,MWW,NBL,NBR,NDAQ,NE,NEE,NEM,NI,NKE,NOC,NOV,NOVL,NRG,NSC,NSM,NTAP,NTRS,NUE,NVDA,NVLS,NWL,NYT,NYX,ODP,OI,OKE,OMC,ORCL,ORLY,OXY,PAYX,PBCT,PBI,PCAR,PCG,PCL,PCP,PDCO,PEG,PEP,PFE,PFG,PG,PGN,PGR,PH,PHM,PLD,PLL,PM,PNC,PNW,POM,PPG,PPL,PRU,PSA,PSKY,PTV,PWR,PXD,Q,QCOM,R,RAI,RDC,RF,RHI,RHT,RL,ROK,ROP,RRC,RRD,RSG,RSH,RTN,RTX,RVTY,RX,S,SBUX,SCG,SCHW,SE,SEE,SGP,SHLD,SHW,SIAL,SII,SJM,SLB,SLE,SLM,SNA,SNDK,SNI,SO,SPG,SPGI,SPLS,SRCL,SRE,STI,STJ,STR,STT,STZ,SUN,SVU,SW,SWK,SWN,SWY,SYK,SYY,T,TAP,TDC,TE,TEG,TEL,TER,TFC,TGNA,TGT,THC,TIE,TIF,TJX,TLAB,TMO,TPR,TROW,TRV,TSN,TSS,TT,TWC,TWX,TXN,TXT,UAA,UNH,UNM,UNP,UPS,URBN,USB,VAR,VFC,VIAB,VLO,VMC,VNO,VRSN,VTRS,VZ,WAT,WBA,WDC,WEC,WELL,WFC,WFM,WFR,WHR,WIN,WM,WMB,WMT,WTW,WU,WY,WYN,WYNN,X,XEL,XL,XLNX,XOM,XRAY,XRX,XTO,YHOO,YUM,ZBH,ZION"
2007-12-31,513,"A,AA,AAPL,ABK,ABT,ACAS,ACE,ADBE,ADI,ADM,ADP,ADSK,AEE,AEP,AES,AET,AFL,AGN,AIG,AIV,AIZ,AKAM,ALL,ALTR,AMAT,AMD,AMGN,AMP,AMT,AMZN,AN,ANDV,ANF,AON,APA,APC,APD,APH,APOL,APTV,ATI,AVB,AVP,AVY,AXP,AYE,AZO,BA,BAC,BALL,BAX,BBBY,BBWI,BBY,BC,BCR,BDX,BEAM,BEN,BF-B,BHI,BIG,BIIB,BJS,BK,BKNG,BMC,BMS,BMY,BRCM,BRK-B,BSX,BTU,BXP,C,CA,CAG,CAH,CAM,CAT,CBE,CBRE,CCE,CCL,CEG,CELG,CEPH,CF,CFC,CFN,CHK,CHRW,CI,CIEN,CINF,CL,CLX,CMA,CMCSA,CME,CMI,CMS,CNP,CNX,COF,COL,COP,COR,COST,COV,CPAY,CPB,CPRI,CPWR,CSC,CSCO,CSX,CTAS,CTRA,CTSH,CTX,CTXS,CVG,CVH,CVS,CVX,D,DAY,DD,DE,DELL,DF,DFS,DGX,DHI,DHR,DIS,DISCA,DNB,DNR,DO,DOC,DOV,DOW,DPS,DRI,DTE,DTV,DUK,DV,DVA,DVN,DYN,EA,EBAY,ECL,ED,EFX,EG,EIX,EK,EL,ELV,EMC,EMN,EMR,EOG,EP,EQR,EQT,ES,ESRX,ETFC,ETN,ETR,EXC,EXPD,EXPE,F,FCX,FDO,FDX,FE,FHN,FII,FIS,FISV,FITB,FLIR,FLR,FLS,FNM,FOXA,FRE,FRX,FSLR,FTR,GAS,GD,GE,GEN,GENZ,GHC,GILD,GIS,GL,GLW,GME,GNW,GOOG,GPC,GPS,GR,GS,GT,GWW,HAL,HAR,HAS,HBAN,HCBK,HD,HES,HIG,HNZ,HOG,HON,HOT,HPQ,HRB,HSP,HST,HSY,HUM,IBM,ICE,IFF,IGT,INTC,INTU,IP,IPG,IQV,IRM,ISRG,ITT,ITW,IVZ,J,JBL,JCI,JCP,JDSU,JEF,JNJ,JNPR,JNS,JNY,JOY,JPM,JWN,K,KBH,KEY,KFT,KG,KIM,KLAC,KMB,KO,KR,KSS,L,LEG,LEH,LEN,LH,LHX,LIFE,LIN,LLL,LLTC,LLY,LM,LMT,LNC,LOW,LSI,LUMN,LUV,LXK,M,MA,MAR,MAS,MAT,MBI,MCD,MCHP,MCK,MCO,MDP,MDT,MET,META,MFE,MHS,MI,MIL,MKC,MMM,MO,MOLX,MON,MRK,MRO,MRSH,MS,MSFT,MSI,MTB,MU,MUR,MWW,NBL,NBR,NDAQ,NE,NEE,NEM,NI,NKE,NOC,NOV,NOVL,NRG,NSC,NSM,NTAP,NTRS,NUE,NVDA,NVLS,NWL,NYT,NYX,ODP,OKE,OMC,OMX,ORCL,ORLY,OXY,PAYX,PBCT,PBI,PCAR,PCG,PCL,PCP,PDCO,PEG,PEP,PFE,PFG,PG,PGN,PGR,PH,PHM,PLD,PLL,PM,PNC,PNW,POM,PPG,PPL,PRU,PSA,PSKY,PTV,PWR,PXD,Q,QCOM,R,RAI,RDC,RF,RHI,RHT,RL,ROK,ROP,RRC,RRD,RSG,RSH,RTN,RTX,RVTY,RX,S,SBUX,SCG,SCHW,SE,SEE,SGP,SHLD,SHW,SIAL,SII,SJM,SLB,SLE,SLM,SNA,SNDK,SNI,SO,SPG,SPGI,SPLS,SRCL,SRE,STI,STJ,STR,STT,STZ,SUN,SVU,SW,SWK,SWN,SWY,SYK,SYY,T,TAP,TDC,TE,TEG,TEL,TER,TFC,TGNA,TGT,THC,TIE,TIF,TJX,TLAB,TMO,TPR,TROW,TRV,TSN,TSS,TT,TWC,TWX,TXN,TXT,UAA,UNH,UNM,UNP,UPS,URBN,USB,VAR,VFC,VIAB,VLO,VMC,VNO,VRSN,VTRS,VZ,WAT,WB,WBA,WDC,WEC,WELL,WFC,WFM,WFR,WHR,WIN,WM,WMB,WMT,WTW,WU,WY,WYN,WYNN,X,XEL,XL,XLNX,XOM,XRAY,XRX,XTO,YHOO,YUM,ZBH,ZION"
2006-12-31,516,"A,AA,AAPL,ABK,ABT,ACAS,ACE,ADBE,ADCT,ADI,ADM,ADP,ADSK,AEE,AEP,AES,AET,AFL,AGN,AIG,AIV,AIZ,AKAM,ALL,ALTR,AMAT,AMD,AMGN,AMP,AMT,AMZN,AN,ANDV,ANF,AON,APA,APC,APD,APH,APOL,APTV,ATI,AV,AVP,AVY,AXP,AYE,AZO,BA,BAC,BALL,BAX,BBBY,BBWI,BBY,BC,BCR,BDX,BEAM,BEN,BF-B,BHI,BIG,BIIB,BJS,BK,BKNG,BMC,BMS,BMY,BRCM,BRK-B,BSX,BTU,BXP,C,CA,CAG,CAH,CAM,CAT,CBE,CBRE,CCE,CCL,CEG,CELG,CEPH,CF,CFC,CFN,CHK,CHRW,CI,CIEN,CINF,CL,CLX,CMA,CMCSA,CME,CMI,CMS,CNP,CNX,COF,COL,COP,COR,COST,COV,CPAY,CPB,CPRI,CPWR,CSC,CSCO,CSX,CTAS,CTRA,CTSH,CTX,CTXS,CVG,CVH,CVS,CVX,D,DAY,DD,DE,DELL,DF,DGX,DHI,DHR,DIS,DISCA,DJ,DNB,DNR,DO,DOC,DOV,DOW,DPS,DRI,DTE,DTV,DUK,DV,DVA,DVN,DYN,EA,EBAY,ECL,ED,EFX,EG,EIX,EK,EL,ELV,EMC,EMN,EMR,EOG,EP,EQR,EQT,ES,ESRX,ETFC,ETN,ETR,EXC,EXPD,F,FCX,FDC,FDO,FDX,FE,FHN,FII,FIS,FISV,FITB,FLIR,FLR,FLS,FNM,FOXA,FRE,FRX,FSLR,FTR,GAS,GD,GE,GEN,GENZ,GHC,GILD,GIS,GL,GLW,GNW,GOOG,GPC,GPS,GR,GS,GT,GWW,HAL,HAR,HAS,HBAN,HCBK,HD,HES,HIG,HNZ,HOG,HON,HOT,HPQ,HRB,HSP,HST,HSY,HUM,IBM,IFF,IGT,INTC,INTU,IP,IPG,IQV,IRM,ISRG,ITT,ITW,IVZ,J,JBL,JCI,JCP,JDSU,JEF,JNJ,JNPR,JNS,JNY,JOY,JPM,JWN,K,KBH,KEY,KG,KIM,KLAC,KMB,KO,KR,KSE,KSS,L,LEG,LEH,LEN,LH,LHX,LIFE,LIN,LLL,LLTC,LLY,LM,LMT,LNC,LOW,LSI,LUMN,LUV,LXK,M,MA,MAR,MAS,MAT,MBI,MCD,MCHP,MCK,MCO,MDP,MDT,MET,META,MFE,MHS,MI,MIL,MKC,MMM,MO,MOLX,MON,MRK,MRO,MRSH,MS,MSFT,MSI,MTB,MU,MUR,MWW,MXIM,NBL,NBR,NCR,NDAQ,NE,NEE,NEM,NI,NKE,NOC,NOV,NOVL,NRG,NSC,NSM,NTAP,NTRS,NUE,NVDA,NVLS,NWL,NYT,NYX,ODP,OKE,OMC,OMX,ORCL,ORLY,OXY,PAYX,PBCT,PBI,PCAR,PCG,PCL,PCP,PDCO,PEG,PEP,PFE,PFG,PG,PGN,PGR,PH,PHM,PLD,PLL,PM,PNC,PNW,POM,PPG,PPL,PRU,PSA,PSKY,PTV,PWR,PXD,Q,QCOM,R,RAI,RDC,RF,RHI,RHT,RL,ROK,ROP,RRD,RSG,RSH,RTN,RTX,RVTY,RX,S,SBL,SBUX,SCG,SCHW,SE,SEE,SGP,SHLD,SHW,SIAL,SII,SJM,SLB,SLE,SLM,SLR,SNA,SNDK,SNI,SO,SPG,SPGI,SPLS,SRCL,SRE,STI,STJ,STR,STT,STZ,SUN,SVU,SW,SWK,SWN,SWY,SYK,SYY,T,TAP,TE,TEG,TEL,TER,TFC,TGNA,TGT,THC,TIE,TIF,TJX,TLAB,TMO,TPR,TRB,TROW,TRV,TSG,TSN,TSS,TT,TWC,TWX,TXN,TXT,UAA,UNH,UNM,UNP,UPS,URBN,USB,VAR,VFC,VIAB,VLO,VMC,VNO,VRSN,VTRS,VZ,WAT,WB,WBA,WDC,WEC,WELL,WFC,WFM,WFR,WHR,WIN,WM,WMB,WMT,WTW,WU,WY,WYN,WYNN,X,XEL,XL,XLNX,XOM,XRAY,XRX,XTO,YHOO,YUM,ZBH,ZION"
2005-12-31,516,"A,AA,AAPL,ABK,ABS,ABT,ACAS,ACE,ADBE,ADCT,ADI,ADM,ADP,ADSK,AEE,AEP,AES,AET,AFL,AGN,AIG,AIV,AIZ,AKAM,ALL,ALTR,AMAT,AMD,AMGN,AMP,AMT,AMZN,AN,ANDV,ANF,AON,APA,APC,APD,APH,APOL,APTV,ATI,AV,AVP,AVY,AXP,AYE,AZO,BA,BAC,BALL,BAX,BBBY,BBWI,BBY,BC,BCR,BDX,BEAM,BEN,BF-B,BHI,BIG,BIIB,BJS,BK,BKNG,BMC,BMS,BMY,BRCM,BRK-B,BSX,BTU,BXP,C,CA,CAG,CAH,CAM,CAT,CBE,CBRE,CCE,CCL,CEG,CELG,CEPH,CF,CFC,CFN,CHK,CHRW,CI,CIEN,CINF,CL,CLX,CMA,CMCSA,CME,CMI,CMS,CNP,CNX,COF,COL,COP,COR,COST,COV,CPAY,CPB,CPRI,CPWR,CSC,CSCO,CSX,CTAS,CTRA,CTSH,CTX,CTXS,CVG,CVH,CVS,CVX,D,DAY,DD,DE,DELL,DF,DGX,DHI,DHR,DIS,DISCA,DJ,DNB,DNR,DO,DOC,DOV,DOW,DPS,DRI,DTE,DTV,DUK,DV,DVA,DVN,DYN,EA,EBAY,ECL,ED,EFX,EG,EIX,EK,EL,ELV,EMC,EMN,EMR,EOG,EP,EQR,EQT,ES,ESRX,ETFC,ETN,ETR,EXC,EXPD,F,FCX,FDC,FDO,FDX,FE,FHN,FII,FIS,FISV,FITB,FLIR,FLR,FLS,FNM,FOXA,FRE,FRX,FSLR,FTR,GAS,GD,GE,GEN,GENZ,GHC,GILD,GIS,GL,GLW,GNW,GOOG,GPC,GPS,GR,GS,GT,GWW,HAL,HAR,HAS,HBAN,HCBK,HD,HES,HIG,HNZ,HOG,HON,HOT,HPQ,HRB,HSP,HST,HSY,HUM,IBM,IFF,IGT,INTC,INTU,IP,IPG,IQV,IRM,ISRG,ITT,ITW,IVZ,J,JBL,JCI,JCP,JDSU,JEF,JNJ,JNS,JNY,JOY,JPM,JWN,K,KBH,KEY,KG,KIM,KLAC,KMB,KO,KR,KSE,KSS,L,LEG,LEH,LEN,LH,LHX,LIFE,LIN,LLL,LLTC,LLY,LM,LMT,LNC,LOW,LSI,LUMN,LUV,LXK,M,MA,MAR,MAS,MAT,MBI,MCD,MCHP,MCK,MCO,MDP,MDT,MET,META,MFE,MHS,MI,MIL,MKC,MMM,MO,MOLX,MON,MRK,MRO,MRSH,MS,MSFT,MSI,MTB,MU,MUR,MWW,MXIM,NBL,NBR,NCR,NDAQ,NE,NEE,NEM,NI,NKE,NOC,NOV,NOVL,NRG,NSC,NSM,NTAP,NTRS,NUE,NVDA,NVLS,NWL,NYT,NYX,ODP,OKE,OMC,OMX,ORCL,ORLY,OXY,PAYX,PBCT,PBI,PCAR,PCG,PCL,PCP,PDCO,PEG,PEP,PFE,PFG,PG,PGN,PGR,PH,PHM,PLD,PLL,PM,PNC,PNW,POM,PPG,PPL,PRU,PSA,PSKY,PTV,PWR,PXD,Q,QCOM,R,RAI,RDC,RF,RHI,RHT,RL,ROK,ROP,RRD,RSG,RSH,RTN,RTX,RVTY,RX,S,SBL,SBUX,SCG,SCHW,SE,SEE,SGP,SHLD,SHW,SIAL,SII,SJM,SLB,SLE,SLM,SLR,SNA,SNDK,SNI,SO,SPG,SPGI,SPLS,SRCL,SRE,STI,STJ,STR,STT,STZ,SUN,SVU,SW,SWK,SWN,SWY,SYK,SYY,T,TAP,TE,TEG,TEL,TER,TFC,TGNA,TGT,THC,TIE,TIF,TJX,TLAB,TMO,TPR,TRB,TROW,TRV,TSG,TSN,TSS,TT,TWC,TWX,TXN,TXT,UAA,UNH,UNM,UNP,UPS,URBN,USB,VAR,VFC,VIAB,VLO,VMC,VNO,VRSN,VTRS,VZ,WAT,WB,WBA,WDC,WEC,WELL,WFC,WFM,WFR,WHR,WIN,WM,WMB,WMT,WTW,WU,WY,WYN,WYNN,X,XEL,XL,XLNX,XOM,XRAY,XRX,XTO,YHOO,YUM,ZBH,ZION"
2004-12-31,515,"A,AA,AAPL,ABK,ABS,ABT,ACAS,ACE,ADBE,ADCT,ADI,ADM,ADP,ADSK,AEE,AEP,AES,AET,AFL,AGN,AIG,AIV,AIZ,AKAM,ALL,ALTR,AMAT,AMD,AMGN,AMP,AMT,AN,ANDV,ANF,AON,APA,APC,APD,APH,APOL,APTV,ATI,AV,AVP,AVY,AXP,AYE,AZO,BA,BAC,BALL,BAX,BBBY,BBWI,BBY,BC,BCR,BDX,BEAM,BEN,BF-B,BHI,BIG,BIIB,BJS,BK,BKNG,BMC,BMS,BMY,BRCM,BRK-B,BSX,BTU,BXP,C,CA,CAG,CAH,CAM,CAT,CBE,CBRE,CCE,CCL,CEG,CELG,CEPH,CF,CFC,CFN,CHK,CHRW,CI,CIEN,CINF,CL,CLX,CMA,CMCSA,CME,CMI,CMS,CNP,CNX,COF,COL,COP,COR,COST,COV,CPAY,CPB,CPRI,CPWR,CSC,CSCO,CSX,CTAS,CTRA,CTSH,CTX,CTXS,CVG,CVH,CVS,CVX,D,DAY,DD,DE,DELL,DF,DGX,DHI,DHR,DIS,DISCA,DJ,DNB,DNR,DO,DOC,DOV,DOW,DPS,DRI,DTE,DTV,DUK,DV,DVA,DVN,DYN,EA,EBAY,ECL,ED,EFX,EG,EIX,EK,EL,ELV,EMC,EMN,EMR,EOG,EP,EQR,EQT,ES,ESRX,ETFC,ETN,ETR,EXC,EXPD,F,FCX,FDC,FDO,FDX,FE,FHN,FII,FIS,FISV,FITB,FLIR,FLR,FLS,FNM,FOXA,FRE,FRX,FSLR,FTR,GAS,GD,GE,GEN,GENZ,GHC,GILD,GIS,GL,GLK,GLW,GNW,GOOG,GPC,GPS,GR,GS,GT,GWW,HAL,HAR,HAS,HBAN,HCBK,HD,HES,HIG,HNZ,HOG,HON,HOT,HPQ,HRB,HSP,HST,HSY,HUM,IBM,IFF,IGT,INTC,INTU,IP,IPG,IQV,IRM,ISRG,ITT,ITW,IVZ,J,JBL,JCI,JCP,JDSU,JEF,JNJ,JNS,JNY,JOY,JPM,JWN,K,KBH,KEY,KG,KIM,KLAC,KMB,KO,KR,KSE,KSS,L,LEG,LEH,LEN,LH,LHX,LIFE,LIN,LLL,LLTC,LLY,LM,LMT,LNC,LOW,LSI,LUMN,LUV,LXK,M,MA,MAR,MAS,MAT,MBI,MCD,MCHP,MCK,MCO,MDP,MDT,MET,META,MFE,MHS,MI,MIL,MKC,MMM,MO,MOLX,MON,MRK,MRO,MRSH,MS,MSFT,MSI,MTB,MU,MUR,MWW,MXIM,NBL,NBR,NCR,NDAQ,NE,NEE,NEM,NI,NKE,NOC,NOV,NOVL,NRG,NSC,NSM,NTAP,NTRS,NUE,NVDA,NVLS,NWL,NYT,NYX,ODP,OKE,OMC,OMX,ORCL,ORLY,OXY,PAYX,PBCT,PBI,PCAR,PCG,PCL,PCP,PDCO,PEG,PEP,PFE,PFG,PG,PGN,PGR,PH,PHM,PLD,PLL,PM,PNC,PNW,POM,PPG,PPL,PRU,PSA,PSKY,PTV,PWR,PXD,Q,QCOM,R,RAI,RDC,RF,RHI,RHT,RL,ROK,ROP,RRD,RSG,RSH,RTN,RTX,RVTY,RX,S,SBL,SBUX,SCG,SCHW,SE,SEE,SGP,SHLD,SHW,SIAL,SII,SJM,SLB,SLE,SLM,SLR,SNA,SNDK,SNI,SO,SPG,SPGI,SPLS,SRCL,SRE,STI,STJ,STR,STT,SUN,SVU,SW,SWK,SWN,SWY,SYK,SYY,T,TAP,TE,TEG,TEL,TER,TFC,TGNA,TGT,THC,TIE,TIF,TJX,TLAB,TMO,TPR,TRB,TROW,TRV,TSG,TSN,TSS,TT,TWC,TWX,TXN,TXT,UAA,UNH,UNM,UNP,UPS,URBN,USB,VAR,VFC,VIAB,VLO,VMC,VNO,VRSN,VTRS,VZ,WAT,WB,WBA,WDC,WEC,WELL,WFC,WFM,WFR,WHR,WIN,WM,WMB,WMT,WTW,WU,WY,WYN,WYNN,X,XEL,XL,XLNX,XOM,XRAY,XRX,XTO,YHOO,YUM,ZBH,ZION"
2003-12-31,515,"A,AA,AAPL,ABK,ABS,ABT,ACAS,ACE,ADBE,ADCT,ADI,ADM,ADP,ADSK,AEE,AEP,AES,AET,AFL,AGN,AIG,AIV,AIZ,AKAM,ALL,ALTR,AMAT,AMD,AMGN,AMP,AMT,AN,ANDV,ANF,AON,APA,APC,APD,APH,APOL,APTV,ATI,AV,AVP,AVY,AXP,AYE,AZO,BA,BAC,BALL,BAX,BBBY,BBWI,BBY,BC,BCR,BDX,BEAM,BEN,BF-B,BHI,BIG,BIIB,BJS,BK,BKNG,BMC,BMS,BMY,BRCM,BRK-B,BSX,BTU,BXP,C,CA,CAG,CAH,CAM,CAT,CBE,CBRE,CCE,CCL,CEG,CELG,CEPH,CF,CFC,CFN,CHK,CHRW,CI,CIEN,CINF,CL,CLX,CMA,CMCSA,CME,CMI,CMS,CNP,CNX,COF,COL,COP,COR,COST,COV,CPAY,CPB,CPRI,CPWR,CSC,CSCO,CSX,CTAS,CTRA,CTSH,CTX,CTXS,CVG,CVH,CVS,CVX,D,DAY,DD,DE,DELL,DF,DGX,DHI,DHR,DIS,DISCA,DJ,DNB,DNR,DO,DOC,DOV,DOW,DPS,DRI,DTE,DTV,DUK,DV,DVA,DVN,DYN,EA,EBAY,ECL,ED,EFX,EG,EIX,EK,EL,ELV,EMC,EMN,EMR,EOG,EP,EQR,EQT,ES,ESRX,ETFC,ETN,ETR,EXC,EXPD,F,FCX,FDC,FDO,FDX,FE,FHN,FII,FIS,FISV,FITB,FLIR,FLR,FLS,FNM,FOXA,FRE,FRX,FSLR,FTR,GAS,GD,GE,GEN,GENZ,GHC,GILD,GIS,GL,GLK,GLW,GNW,GOOG,GPC,GPS,GR,GS,GT,GWW,HAL,HAR,HAS,HBAN,HCBK,HD,HES,HIG,HNZ,HOG,HON,HOT,HPQ,HRB,HSP,HST,HSY,HUM,IBM,IFF,IGT,INTC,INTU,IP,IPG,IQV,IRM,ISRG,ITT,ITW,IVZ,J,JBL,JCI,JCP,JDSU,JEF,JNJ,JNS,JNY,JOY,JPM,JWN,K,KBH,KEY,KG,KIM,KLAC,KMB,KO,KR,KSE,KSS,L,LEG,LEH,LEN,LH,LHX,LIFE,LIN,LLL,LLTC,LLY,LM,LMT,LNC,LOW,LSI,LUMN,LUV,LXK,M,MA,MAR,MAS,MAT,MBI,MCD,MCHP,MCK,MCO,MDP,MDT,MET,META,MFE,MHS,MI,MIL,MKC,MMM,MO,MOLX,MON,MRK,MRO,MRSH,MS,MSFT,MSI,MTB,MU,MUR,MWW,MXIM,NBL,NBR,NCR,NDAQ,NE,NEE,NEM,NI,NKE,NOC,NOV,NOVL,NRG,NSC,NSM,NTAP,NTRS,NUE,NVDA,NVLS,NWL,NYT,NYX,ODP,OKE,OMC,OMX,ORCL,ORLY,OXY,PAYX,PBCT,PBI,PCAR,PCG,PCL,PCP,PDCO,PEG,PEP,PFE,PFG,PG,PGN,PGR,PH,PHM,PLD,PLL,PM,PNC,PNW,POM,PPG,PPL,PRU,PSA,PSKY,PTV,PWR,PXD,Q,QCOM,R,RAI,RDC,RF,RHI,RHT,RL,ROK,ROP,RRD,RSG,RSH,RTN,RTX,RVTY,RX,S,SBL,SBUX,SCG,SCHW,SE,SEE,SGP,SHLD,SHW,SIAL,SII,SJM,SLB,SLE,SLM,SLR,SNA,SNDK,SNI,SO,SPG,SPGI,SPLS,SRCL,SRE,STI,STJ,STR,STT,SUN,SVU,SW,SWK,SWN,SWY,SYK,SYY,T,TAP,TE,TEG,TEL,TER,TFC,TGNA,TGT,THC,TIE,TIF,TJX,TLAB,TMO,TPR,TRB,TROW,TRV,TSG,TSN,TSS,TT,TWC,TWX,TXN,TXT,UAA,UNH,UNM,UNP,UPS,URBN,USB,VAR,VFC,VIAB,VLO,VMC,VNO,VRSN,VTRS,VZ,WAT,WB,WBA,WDC,WEC,WELL,WFC,WFM,WFR,WHR,WIN,WM,WMB,WMT,WTW,WU,WY,WYN,WYNN,X,XEL,XL,XLNX,XOM,XRAY,XRX,XTO,YHOO,YUM,ZBH,ZION"
2002-12-31,515,"A,AA,AAPL,ABK,ABS,ABT,ACAS,ACE,ADBE,ADCT,ADI,ADM,ADP,ADSK,AEE,AEP,AES,AET,AFL,AGN,AIG,AIV,AIZ,AKAM,ALL,ALTR,AMAT,AMD,AMGN,AMP,AMT,AN,ANDV,ANF,AON,APA,APC,APD,APH,APOL,APTV,ATI,AV,AVP,AVY,AXP,AYE,AZO,BA,BAC,BALL,BAX,BBBY,BBWI,BBY,BC,BCR,BDX,BEAM,BEN,BF-B,BHI,BIG,BIIB,BJS,BK,BKNG,BMC,BMS,BMY,BRCM,BRK-B,BSX,BTU,BXP,C,CA,CAG,CAH,CAM,CAT,CBE,CBRE,CCE,CCL,CEG,CELG,CEPH,CF,CFC,CFN,CHK,CHRW,CI,CIEN,CINF,CL,CLX,CMA,CMCSA,CME,CMI,CMS,CNP,CNX,COF,COL,COP,COR,COST,COV,CPAY,CPB,CPRI,CPWR,CSC,CSCO,CSX,CTAS,CTRA,CTSH,CTX,CTXS,CVG,CVH,CVS,CVX,D,DAY,DD,DE,DELL,DF,DGX,DHI,DHR,DIS,DISCA,DJ,DNB,DNR,DO,DOC,DOV,DOW,DPS,DRI,DTE,DTV,DUK,DV,DVA,DVN,DYN,EA,EBAY,ECL,ED,EFX,EG,EIX,EK,EL,ELV,EMC,EMN,EMR,EOG,EP,EQR,EQT,ES,ETFC,ETN,ETR,EXC,EXPD,F,FCX,FDC,FDO,FDX,FE,FHN,FII,FIS,FISV,FITB,FLIR,FLR,FLS,FNM,FOXA,FRE,FRX,FSLR,FTR,GAS,GD,GE,GEN,GENZ,GHC,GILD,GIS,GL,GLK,GLW,GNW,GOOG,GPC,GPS,GR,GS,GT,GWW,HAL,HAR,HAS,HBAN,HCBK,HD,HES,HIG,HNZ,HOG,HON,HOT,HPQ,HRB,HSP,HST,HSY,HUM,IBM,IFF,IGT,INTC,INTU,IP,IPG,IQV,IRM,ISRG,ITT,ITW,IVZ,J,JBL,JCI,JCP,JDSU,JEF,JNJ,JNS,JNY,JOY,JPM,JWN,K,KBH,KEY,KG,KIM,KLAC,KMB,KO,KR,KSE,KSS,L,LEG,LEH,LEN,LH,LHX,LIFE,LIN,LLL,LLTC,LLY,LM,LMT,LNC,LOW,LSI,LUMN,LUV,LXK,M,MA,MAR,MAS,MAT,MBI,MCD,MCHP,MCK,MCO,MDP,MDT,MET,META,MFE,MHS,MI,MIL,MKC,MMM,MO,MOLX,MON,MRK,MRO,MRSH,MS,MSFT,MSI,MTB,MU,MUR,MWW,MXIM,NBL,NBR,NCR,NDAQ,NE,NEE,NEM,NI,NKE,NOC,NOV,NOVL,NRG,NSC,NSM,NTAP,NTRS,NUE,NVDA,NVLS,NWL,NYT,NYX,ODP,OKE,OMC,OMX,ORCL,ORLY,OXY,PAYX,PBCT,PBI,PCAR,PCG,PCL,PCP,PDCO,PEG,PEP,PFE,PFG,PG,PGN,PGR,PH,PHM,PLD,PLL,PM,PNC,PNW,POM,PPG,PPL,PRU,PSA,PSKY,PTV,PWR,PXD,Q,QCOM,QTRN,R,RAI,RDC,RF,RHI,RHT,RL,ROK,ROP,RRD,RSG,RSH,RTN,RTX,RVTY,RX,S,SBL,SBUX,SCG,SCHW,SE,SEE,SGP,SHLD,SHW,SIAL,SII,SJM,SLB,SLE,SLM,SLR,SNA,SNDK,SNI,SO,SPG,SPGI,SPLS,SRCL,SRE,STI,STJ,STR,STT,SUN,SVU,SW,SWK,SWN,SWY,SYK,SYY,T,TAP,TE,TEG,TEL,TER,TFC,TGNA,TGT,THC,TIE,TIF,TJX,TLAB,TMO,TPR,TRB,TROW,TRV,TSG,TSN,TSS,TT,TWC,TWX,TXN,TXT,UAA,UNH,UNM,UNP,UPS,URBN,USB,VAR,VFC,VIAB,VLO,VMC,VNO,VRSN,VTRS,VZ,WAT,WB,WBA,WDC,WEC,WELL,WFC,WFM,WFR,WHR,WIN,WM,WMB,WMT,WTW,WU,WY,WYN,WYNN,X,XEL,XL,XLNX,XOM,XRAY,XRX,XTO,YHOO,YUM,ZBH,ZION"
2001-12-31,515,"A,AA,AAPL,ABK,ABS,ABT,ACAS,ACE,ADBE,ADCT,ADI,ADM,ADP,ADSK,AEE,AEP,AES,AET,AFL,AGN,AIG,AIV,AIZ,AKAM,ALL,ALTR,AMAT,AMD,AMGN,AMP,AMT,AN,ANDV,ANF,AON,APA,APC,APD,APH,APOL,APTV,ATI,AV,AVP,AVY,AXP,AYE,AZO,BA,BAC,BALL,BAX,BBBY,BBWI,BBY,BC,BCR,BDX,BEAM,BEN,BF-B,BHI,BIG,BIIB,BJS,BK,BKNG,BMC,BMS,BMY,BRCM,BRK-B,BSX,BTU,BXP,C,CA,CAG,CAH,CAM,CAT,CBE,CBRE,CCE,CCL,CEG,CELG,CEPH,CF,CFC,CFN,CHK,CHRW,CI,CIEN,CINF,CL,CLX,CMA,CMCSA,CME,CMI,CMS,CNP,CNX,COF,COL,COP,COR,COST,COV,CPAY,CPB,CPRI,CPWR,CSC,CSCO,CSX,CTAS,CTRA,CTSH,CTX,CTXS,CVG,CVH,CVS,CVX,D,DAY,DD,DE,DELL,DF,DGX,DHI,DHR,DIS,DISCA,DJ,DNB,DNR,DO,DOC,DOV,DOW,DPS,DRI,DTE,DTV,DUK,DV,DVA,DVN,DYN,EA,EBAY,ECL,ED,EFX,EG,EIX,EK,EL,ELV,EMC,EMN,EMR,EOG,EP,EQR,EQT,ES,ETFC,ETN,ETR,EXC,EXPD,F,FCX,FDC,FDO,FDX,FE,FHN,FII,FIS,FISV,FITB,FLIR,FLR,FLS,FNM,FOXA,FRE,FRX,FSLR,FTR,GAS,GD,GE,GEN,GENZ,GHC,GILD,GIS,GL,GLK,GLW,GNW,GOOG,GPC,GPS,GR,GS,GT,GWW,HAL,HAR,HAS,HBAN,HCBK,HD,HES,HIG,HNZ,HOG,HON,HOT,HPQ,HRB,HSP,HST,HSY,HUM,IBM,IFF,IGT,INTC,INTU,IP,IPG,IQV,IRM,ISRG,ITT,ITW,IVZ,J,JBL,JCI,JCP,JDSU,JEF,JNJ,JNS,JNY,JOY,JPM,JWN,K,KBH,KEY,KG,KIM,KLAC,KMB,KO,KR,KSE,KSS,L,LEG,LEH,LEN,LH,LHX,LIFE,LIN,LLL,LLTC,LLY,LM,LMT,LNC,LOW,LSI,LUMN,LUV,LXK,M,MA,MAR,MAS,MAT,MBI,MCD,MCHP,MCK,MCO,MDP,MDT,MET,META,MFE,MHS,MI,MIL,MKC,MMM,MO,MOLX,MON,MRK,MRO,MRSH,MS,MSFT,MSI,MTB,MU,MUR,MWW,MXIM,NBL,NBR,NCR,NDAQ,NE,NEE,NEM,NI,NKE,NOC,NOV,NOVL,NRG,NSC,NSM,NTAP,NTRS,NUE,NVDA,NVLS,NWL,NYT,NYX,ODP,OKE,OMC,OMX,ORCL,ORLY,OXY,PAYX,PBCT,PBI,PCAR,PCG,PCL,PCP,PDCO,PEG,PEP,PFE,PFG,PG,PGN,PGR,PH,PHM,PLD,PLL,PM,PNC,PNW,POM,PPG,PPL,PRU,PSA,PSKY,PTV,PWR,PXD,Q,QCOM,QTRN,R,RAI,RDC,RF,RHI,RHT,RL,ROK,ROP,RRD,RSG,RSH,RTN,RTX,RVTY,RX,S,SBL,SBUX,SCG,SCHW,SE,SEE,SGP,SHLD,SHW,SIAL,SII,SJM,SLB,SLE,SLM,SLR,SNA,SNDK,SNI,SO,SPG,SPGI,SPLS,SRCL,SRE,STI,STJ,STR,STT,SUN,SVU,SW,SWK,SWN,SWY,SYK,SYY,T,TAP,TE,TEG,TEL,TER,TFC,TGNA,TGT,THC,TIE,TIF,TJX,TLAB,TMO,TPR,TRB,TROW,TRV,TSG,TSN,TSS,TT,TWC,TWX,TXN,TXT,UAA,UNH,UNM,UNP,UPS,URBN,USB,VAR,VFC,VIAB,VLO,VMC,VNO,VRSN,VTRS,VZ,WAT,WB,WBA,WDC,WEC,WELL,WFC,WFM,WFR,WHR,WIN,WM,WMB,WMT,WTW,WU,WY,WYN,WYNN,X,XEL,XL,XLNX,XOM,XRAY,XRX,XTO,YHOO,YUM,ZBH,ZION"
2000-12-31,515,"A,AA,AAPL,ABK,ABS,ABT,ACAS,ACE,ADBE,ADCT,ADI,ADM,ADP,ADSK,AEE,AEP,AES,AET,AFL,AGN,AIG,AIV,AIZ,AKAM,ALL,ALTR,AMAT,AMD,AMGN,AMP,AMT,AN,ANDV,ANF,AON,APA,APC,APD,APH,APOL,APTV,ATI,AV,AVP,AVY,AXP,AYE,AZO,BA,BAC,BALL,BAX,BBBY,BBWI,BBY,BC,BCR,BDX,BEAM,BEN,BF-B,BHI,BIG,BIIB,BJS,BK,BKNG,BMC,BMS,BMY,BRCM,BRK-B,BSX,BTU,BXP,C,CA,CAG,CAH,CAM,CAT,CBE,CBRE,CCE,CCL,CEG,CELG,CEPH,CF,CFC,CFN,CHK,CHRW,CI,CIEN,CINF,CL,CLX,CMA,CMCSA,CME,CMI,CMS,CNP,CNX,COF,COL,COP,COR,COST,COV,CPAY,CPB,CPRI,CPWR,CSC,CSCO,CSX,CTAS,CTRA,CTSH,CTX,CTXS,CVG,CVH,CVS,CVX,D,DAY,DD,DE,DELL,DF,DGX,DHI,DHR,DIS,DISCA,DJ,DNB,DNR,DO,DOC,DOV,DOW,DPS,DRI,DTE,DTV,DUK,DV,DVA,DVN,DYN,EA,EBAY,ECL,ED,EFX,EG,EIX,EK,EL,ELV,EMC,EMN,EMR,EOG,EP,EQR,EQT,ES,ETFC,ETN,ETR,EXC,EXPD,F,FCX,FDC,FDO,FDX,FE,FHN,FII,FIS,FISV,FITB,FLIR,FLR,FLS,FNM,FOXA,FRE,FRX,FSLR,FTR,GAS,GD,GE,GEN,GENZ,GHC,GILD,GIS,GL,GLK,GLW,GNW,GOOG,GPC,GPS,GR,GS,GT,GWW,HAL,HAR,HAS,HBAN,HCBK,HD,HES,HIG,HNZ,HOG,HON,HOT,HPQ,HRB,HSP,HST,HSY,HUM,IBM,IFF,IGT,INTC,INTU,IP,IPG,IQV,IRM,ISRG,ITT,ITW,IVZ,J,JBL,JCI,JCP,JDSU,JEF,JNJ,JNS,JNY,JOY,JPM,JWN,K,KBH,KEY,KG,KIM,KLAC,KMB,KO,KR,KSE,KSS,L,LEG,LEH,LEN,LH,LHX,LIFE,LIN,LLL,LLTC,LLY,LM,LMT,LNC,LOW,LSI,LUMN,LUV,LXK,M,MA,MAR,MAS,MAT,MBI,MCD,MCHP,MCK,MCO,MDP,MDT,MET,META,MFE,MHS,MI,MIL,MKC,MMM,MO,MOLX,MON,MRK,MRO,MRSH,MS,MSFT,MSI,MTB,MU,MUR,MWW,MXIM,NBL,NBR,NCR,NDAQ,NE,NEE,NEM,NI,NKE,NOC,NOV,NOVL,NRG,NSC,NSM,NTAP,NTRS,NUE,NVDA,NVLS,NWL,NYT,NYX,ODP,OKE,OMC,OMX,ORCL,ORLY,OXY,PAYX,PBCT,PBI,PCAR,PCG,PCL,PCP,PDCO,PEG,PEP,PFE,PFG,PG,PGN,PGR,PH,PHM,PLD,PLL,PM,PNC,PNW,POM,PPG,PPL,PRU,PSA,PSKY,PTV,PWR,PXD,Q,QCOM,QTRN,R,RAI,RDC,RF,RHI,RHT,RL,ROK,ROP,RRD,RSG,RSH,RTN,RTX,RVTY,RX,S,SBL,SBUX,SCG,SCHW,SE,SEE,SGP,SHLD,SHW,SIAL,SII,SJM,SLB,SLE,SLM,SLR,SNA,SNDK,SNI,SO,SPG,SPGI,SPLS,SRCL,SRE,STI,STJ,STR,STT,SUN,SVU,SW,SWK,SWN,SWY,SYK,SYY,T,TAP,TE,TEG,TEL,TER,TFC,TGNA,TGT,THC,TIE,TIF,TJX,TLAB,TMO,TPR,TRB,TROW,TRV,TSG,TSN,TSS,TT,TWC,TWX,TXN,TXT,UAA,UNH,UNM,UNP,UPS,URBN,USB,VAR,VFC,VIAB,VLO,VMC,VNO,VRSN,VTRS,VZ,WAT,WB,WBA,WDC,WEC,WELL,WFC,WFM,WFR,WHR,WIN,WM,WMB,WMT,WTW,WU,WY,WYN,WYNN,X,XEL,XL,XLNX,XOM,XRAY,XRX,XTO,YHOO,YUM,ZBH,ZION"
1999-12-31,515,"A,AA,AAPL,ABS,ABT,ACAS,ACE,ADBE,ADCT,ADI,ADM,ADP,ADSK,AEE,AEP,AES,AET,AFL,AGN,AIG,AIV,AIZ,AKAM,ALL,ALTR,AMAT,AMD,AMGN,AMP,AMT,AN,ANDV,ANF,AON,APA,APC,APD,APH,APOL,APTV,ATI,AV,AVP,AVY,AXP,AZO,BA,BAC,BALL,BAX,BBBY,BBWI,BBY,BC,BCR,BDX,BEAM,BEN,BF-B,BHI,BIG,BIIB,BJS,BK,BKNG,BMC,BMS,BMY,BRCM,BRK-B,BS,BSX,BTU,BXP,C,CA,CAG,CAH,CAM,CAT,CBE,CBRE,CCE,CCK,CCL,CEG,CELG,CEPH,CF,CFC,CFN,CHK,CHRW,CI,CIEN,CINF,CL,CLX,CMA,CMCSA,CME,CMI,CMS,CNP,CNX,COF,COL,COP,COR,COST,COV,CPAY,CPB,CPRI,CPWR,CSC,CSCO,CSX,CTAS,CTRA,CTSH,CTX,CTXS,CVH,CVS,CVX,D,DAY,DD,DE,DELL,DF,DGX,DHI,DHR,DIS,DISCA,DJ,DNB,DNR,DO,DOC,DOV,DOW,DPS,DRI,DTE,DTV,DUK,DV,DVA,DVN,DYN,EA,EBAY,ECL,ED,EFX,EG,EIX,EK,EL,ELV,EMC,EMN,EMR,EOG,EP,EQR,EQT,ES,ETFC,ETN,ETR,EXC,EXPD,F,FCX,FDC,FDO,FDX,FE,FHN,FII,FIS,FISV,FITB,FLIR,FLR,FLS,FNM,FOXA,FRE,FRX,FSLR,FTR,GAS,GD,GE,GEN,GENZ,GHC,GILD,GIS,GL,GLK,GLW,GNW,GOOG,GPC,GPS,GR,GRA,GS,GT,GWW,HAL,HAR,HAS,HBAN,HCBK,HD,HES,HIG,HNZ,HOG,HON,HOT,HPQ,HRB,HSP,HST,HSY,HUM,IBM,IFF,IGT,INTC,IP,IPG,IQV,IRM,ISRG,ITT,ITW,IVZ,J,JBL,JCI,JCP,JEF,JNJ,JNS,JNY,JOY,JPM,JWN,K,KBH,KEY,KG,KIM,KLAC,KMB,KO,KR,KSE,KSS,L,LEG,LEH,LEN,LH,LHX,LIFE,LIN,LLL,LLTC,LLY,LM,LMT,LNC,LOW,LSI,LUMN,LUV,LXK,M,MA,MAR,MAS,MAT,MBI,MCD,MCHP,MCK,MCO,MDP,MDT,MET,META,MFE,MHS,MI,MIL,MKC,MMM,MO,MOLX,MON,MRK,MRO,MRSH,MS,MSFT,MSI,MTB,MU,MUR,MWW,MXIM,NBL,NBR,NCR,NDAQ,NE,NEE,NEM,NI,NKE,NOC,NOV,NOVL,NRG,NSC,NSM,NTAP,NTRS,NUE,NVDA,NVLS,NWL,NYT,NYX,ODP,OI,OKE,OMC,OMX,ORCL,ORLY,OXY,PAYX,PBCT,PBI,PCAR,PCG,PCL,PCP,PDCO,PEG,PEP,PFE,PFG,PG,PGN,PGR,PH,PHM,PLD,PLL,PM,PNC,PNW,POM,PPG,PPL,PRU,PSA,PSKY,PTV,PWR,PXD,Q,QCOM,QTRN,R,RAD,RAI,RDC,RF,RHI,RHT,RL,ROK,ROP,RRD,RSG,RSH,RTN,RTX,RVTY,RX,S,SCG,SCHW,SE,SEE,SGP,SHLD,SHW,SIAL,SII,SJM,SLB,SLE,SLM,SLR,SMS,SNA,SNDK,SNI,SO,SPG,SPGI,SPLS,SRCL,SRE,STI,STJ,STR,STT,SUN,SVU,SW,SWK,SWN,SWY,SYK,SYY,T,TAP,TE,TEG,TEL,TER,TFC,TGNA,TGT,THC,TIE,TIF,TJX,TLAB,TMC,TMO,TPR,TRB,TROW,TRV,TSG,TSN,TSS,TT,TWC,TWX,TXN,TXT,UAA,UNH,UNM,UNP,UPS,URBN,USB,VAR,VFC,VIAB,VLO,VMC,VNO,VRSN,VTRS,VZ,WAT,WB,WBA,WDC,WEC,WELL,WFC,WFM,WFR,WHR,WIN,WM,WMB,WMT,WTW,WU,WY,WYN,WYNN,X,XEL,XL,XLNX,XOM,XRAY,XRX,XTO,YHOO,YUM,ZBH,ZION"
1998-12-31,516,"A,AA,AAPL,ABS,ABT,ACAS,ACE,ADBE,ADCT,ADI,ADM,ADP,ADSK,AEE,AEP,AES,AET,AFL,AGN,AIG,AIV,AIZ,AKAM,ALL,ALTR,AMAT,AMD,AMGN,AMP,AMT,AN,ANDV,ANF,AON,APA,APC,APD,APH,APOL,APTV,ATI,AV,AVP,AVY,AXP,AZO,BA,BAC,BALL,BAX,BBBY,BBWI,BBY,BC,BCR,BDX,BEAM,BEN,BF-B,BHI,BIG,BIIB,BJS,BK,BKNG,BMC,BMS,BMY,BRCM,BRK-B,BS,BSX,BTU,BXP,C,CA,CAG,CAH,CAM,CAT,CBE,CBRE,CCE,CCK,CCL,CEG,CELG,CEPH,CF,CFC,CFN,CHK,CHRW,CI,CIEN,CINF,CL,CLX,CMA,CMCSA,CME,CMI,CMS,CNP,CNX,COF,COL,COP,COR,COST,COV,CPAY,CPB,CPRI,CPWR,CSC,CSCO,CSX,CTAS,CTRA,CTSH,CTX,CTXS,CVH,CVS,CVX,D,DAY,DD,DE,DELL,DF,DGX,DHI,DHR,DIS,DISCA,DJ,DNB,DNR,DO,DOC,DOV,DOW,DPS,DRI,DTE,DTV,DUK,DV,DVA,DVN,DYN,EA,EBAY,ECL,ED,EFX,EG,EIX,EK,EL,ELV,EMC,EMN,EMR,EOG,EP,EQR,EQT,ES,ETFC,ETN,ETR,EXC,EXPD,F,FCX,FDC,FDO,FDX,FE,FHN,FII,FIS,FISV,FITB,FLIR,FLR,FLS,FNM,FOXA,FRE,FRX,FSLR,FTR,GAS,GD,GE,GEN,GENZ,GHC,GILD,GIS,GL,GLK,GLW,GNW,GOOG,GPC,GPS,GR,GRA,GS,GT,GWW,HAL,HAR,HAS,HBAN,HCBK,HD,HES,HIG,HNZ,HOG,HON,HOT,HPH,HPQ,HRB,HSP,HST,HSY,HUM,IBM,IFF,IGT,INTC,IP,IPG,IQV,IRM,ISRG,ITT,ITW,IVZ,J,JBL,JCI,JCP,JEF,JNJ,JNS,JNY,JOY,JPM,JWN,K,KBH,KEY,KG,KIM,KLAC,KMB,KO,KR,KSE,KSS,L,LDW,LEG,LEH,LEN,LH,LHX,LIFE,LIN,LLL,LLTC,LLY,LM,LMT,LNC,LOW,LSI,LUMN,LUV,LXK,M,MA,MAR,MAS,MAT,MBI,MCD,MCHP,MCK,MCO,MDP,MDT,MET,META,MFE,MHS,MI,MIL,MKC,MMM,MO,MOLX,MON,MRK,MRO,MRSH,MS,MSFT,MSI,MTB,MU,MUR,MWW,MXIM,NBL,NBR,NCR,NDAQ,NE,NEE,NEM,NI,NKE,NOC,NOV,NOVL,NRG,NSC,NSM,NTAP,NTRS,NUE,NVDA,NVLS,NWL,NYT,NYX,ODP,OI,OKE,OMC,OMX,ORCL,ORLY,OXY,PAYX,PBCT,PBI,PCAR,PCG,PCL,PCP,PDCO,PEG,PEP,PFE,PFG,PG,PGN,PGR,PH,PHM,PLD,PLL,PM,PNC,PNW,POM,PPG,PPL,PRU,PSA,PSKY,PTV,PWR,PXD,Q,QCOM,QTRN,R,RAD,RAI,RDC,RF,RHI,RHT,RL,ROK,ROP,RRD,RSG,RSH,RTN,RTX,RVTY,RX,S,SCG,SCHW,SE,SEE,SGP,SHLD,SHW,SIAL,SII,SJM,SLB,SLE,SLM,SLR,SMS,SNA,SNDK,SNI,SO,SPG,SPGI,SPLS,SRCL,SRE,STI,STJ,STR,STT,SUN,SVU,SW,SWK,SWN,SWY,SYK,SYY,T,TAP,TE,TEG,TEL,TER,TFC,TGNA,TGT,THC,TIE,TIF,TJX,TLAB,TMC,TMO,TPR,TRB,TROW,TRV,TSG,TSN,TSS,TT,TWC,TWX,TXN,TXT,UAA,UNH,UNM,UNP,UPS,URBN,USB,VAR,VFC,VIAB,VLO,VMC,VNO,VRSN,VTRS,VZ,WAT,WB,WBA,WDC,WEC,WELL,WFC,WFM,WFR,WHR,WIN,WM,WMB,WMT,WTW,WU,WY,WYN,WYNN,X,XEL,XL,XLNX,XOM,XRAY,XRX,XTO,YUM,ZBH,ZION"
1997-12-31,515,"A,AA,AAPL,ABS,ABT,ACAS,ACE,ADBE,ADCT,ADI,ADM,ADP,ADSK,AEE,AEP,AES,AET,AFL,AGN,AIG,AIV,AIZ,AKAM,ALL,ALTR,AMAT,AMD,AMGN,AMP,AMT,AN,ANDV,ANF,AON,APA,APC,APD,APH,APOL,APTV,ATI,AV,AVP,AVY,AXP,AZO,BA,BAC,BALL,BAX,BBBY,BBWI,BBY,BC,BCR,BDX,BEAM,BEN,BF-B,BHI,BIG,BIIB,BJS,BK,BKNG,BMC,BMS,BMY,BRCM,BRK-B,BS,BSX,BTU,BXP,C,CA,CAG,CAH,CAM,CAT,CBE,CBRE,CCE,CCK,CEG,CELG,CEPH,CF,CFC,CFN,CHK,CHRW,CI,CIEN,CINF,CL,CLX,CMA,CMCSA,CME,CMI,CMS,CNP,CNX,COF,COL,COP,COR,COST,COV,CPAY,CPB,CPRI,CSC,CSCO,CSX,CTAS,CTRA,CTSH,CTX,CTXS,CVH,CVS,CVX,D,DAY,DD,DE,DELL,DF,DGX,DHI,DHR,DIS,DISCA,DJ,DNB,DNR,DO,DOC,DOV,DOW,DPS,DRI,DTE,DTV,DUK,DV,DVA,DVN,DYN,EA,EBAY,ECL,ED,EFX,EG,EIX,EK,EL,ELV,EMC,EMN,EMR,EOG,EP,EQR,EQT,ES,ETFC,ETN,ETR,EXC,EXPD,F,FCX,FDC,FDO,FDX,FE,FHN,FII,FIS,FISV,FITB,FLIR,FLR,FLS,FNM,FOXA,FRE,FRX,FSLR,FTR,GAS,GD,GE,GEN,GENZ,GHC,GILD,GIS,GL,GLK,GLW,GNW,GOOG,GPC,GPS,GR,GRA,GRN,GS,GT,GWW,HAL,HAR,HAS,HBAN,HCBK,HD,HES,HIG,HNZ,HOG,HON,HOT,HPH,HPQ,HRB,HSP,HST,HSY,HUM,IBM,IFF,IGT,INTC,IP,IPG,IQV,IRM,ISRG,ITT,ITW,IVZ,J,JBL,JCI,JCP,JEF,JNJ,JNS,JNY,JOY,JPM,JWN,K,KBH,KEY,KG,KIM,KLAC,KMB,KO,KR,KSE,KSS,L,LDW,LEG,LEH,LEN,LH,LHX,LIFE,LIN,LLL,LLTC,LLY,LM,LMT,LNC,LOW,LSI,LUMN,LUV,LXK,M,MA,MAR,MAS,MAT,MBI,MCD,MCHP,MCK,MCO,MDP,MDT,MET,META,MFE,MHS,MI,MIL,MKC,MMM,MO,MOLX,MON,MRK,MRO,MRSH,MS,MSFT,MSI,MTB,MU,MUR,MWW,MXIM,NBL,NBR,NCR,NDAQ,NE,NEE,NEM,NI,NKE,NOC,NOV,NOVL,NRG,NSC,NSM,NTAP,NTRS,NUE,NVDA,NVLS,NWL,NYT,NYX,ODP,OI,OKE,OMC,OMX,ORCL,ORLY,OXY,PAYX,PBCT,PBI,PCAR,PCG,PCL,PCP,PDCO,PEG,PEP,PFE,PFG,PG,PGN,PGR,PH,PHM,PLD,PLL,PM,PNC,PNW,POM,PPG,PPL,PRU,PSA,PSKY,PTV,PWR,PXD,Q,QCOM,QTRN,R,RAD,RAI,RDC,RF,RHI,RHT,RL,ROK,ROP,RRD,RSG,RSH,RTN,RTX,RVTY,RX,S,SCG,SCHW,SE,SEE,SGP,SHLD,SHW,SIAL,SII,SJM,SLB,SLE,SLM,SLR,SMS,SNA,SNDK,SNI,SO,SPG,SPGI,SPLS,SRCL,SRE,STI,STJ,STR,STT,SUN,SVU,SW,SWK,SWN,SWY,SYK,SYY,T,TAP,TE,TEG,TEL,TER,TFC,TGNA,TGT,THC,TIE,TIF,TJX,TLAB,TMC,TMO,TPR,TRB,TROW,TRV,TSG,TSN,TSS,TT,TWC,TWX,TXN,TXT,UAA,UNH,UNM,UNP,UPS,URBN,USB,VAR,VFC,VIAB,VLO,VMC,VNO,VRSN,VTRS,VZ,WAT,WB,WBA,WDC,WEC,WELL,WFC,WFM,WFR,WHR,WIN,WM,WMB,WMT,WTW,WU,WY,WYN,WYNN,X,XEL,XL,XLNX,XOM,XRAY,XRX,XTO,YUM,ZBH,ZION"
